sim_time_sec,elapsed_time_sec,global_x,global_y,global_z,global_qx,global_qy,global_qz,global_qw,roll,pitch,yaw,global_vx,global_vy,global_vz,imu_angular_velocity_x,imu_angular_velocity_y,imu_angular_velocity_z,imu_linear_acceleration_x,imu_linear_acceleration_y,imu_linear_acceleration_z,imu_angular_acceleration_x,imu_angular_acceleration_y,imu_angular_acceleration_z
1780380093.977808714,0.222998142,-535.605421492,185.867409659,-0.130543361,-0.003020743,0.007638900,0.575386572,0.817840336,0.003850170,0.015971669,1.226231662,-0.001872659,-0.000864072,0.036745544,0.004500000,-0.005750000,-9.490500000,-0.190000000,0.055000000,9.855000000,-1.000000000,-1.187500000,-2372.437500056
1780380094.077723980,0.322913408,-535.605399949,185.867758951,-0.125497763,-0.003067490,0.007915864,0.575383243,0.817839870,0.004092446,0.016478529,1.226229724,0.004310723,0.012252490,0.041462339,-0.016250000,-0.010250000,-9.488750000,0.075000000,0.025000000,9.830000000,0.125000000,0.062500000,-2371.750000056
1780380094.177884340,0.423073769,-535.604748386,185.869695393,-0.122199921,-0.003011025,0.007903189,0.575382761,0.817840542,0.004170213,0.016392815,1.226228625,1.869620778,5.648494402,7.363452145,0.010000000,-0.004750000,9.506500000,0.075000000,-0.030000000,9.825000000,-0.968750000,-0.343750000,2374.781250056
1780380094.277727842,0.522917271,-535.603469955,185.873605210,-0.118352164,-0.002775690,0.007878976,0.575381442,0.817842536,0.004527279,0.016082378,1.226226397,0.017823218,0.054549848,0.046516042,0.009000000,0.001000000,9.498750000,0.070000000,-0.015000000,9.840000000,0.250000000,1.062500000,0.479166667
1780380094.377722979,0.622912407,-535.602193238,185.877461947,-0.115515298,-0.002574158,0.007875095,0.575379988,0.817844256,0.004852453,0.015844104,1.226224075,0.023589097,0.070691117,0.048719115,0.012000000,-0.004250000,9.509000000,0.075000000,-0.015000000,9.800000000,2.281250000,-0.375000000,2375.718750056
1780380094.477730513,0.722919941,-535.600595409,185.882148133,-0.112648529,-0.002423938,0.007874866,0.575378361,0.817845861,0.005097888,0.015670858,1.226221069,0.002859935,0.008245004,0.004672129,0.016250000,0.005500000,-9.495500000,0.125000000,0.125000000,9.845000000,1.500000000,1.145833333,0.333333333
1780380094.577709198,0.822898626,-535.597346421,185.891276209,-0.108118563,-0.002401747,0.007857373,0.575375975,0.817847774,0.005114006,0.015616720,1.226214952,0.027525018,0.076002905,0.034096036,-0.003250000,0.003000000,9.495250000,0.120000000,0.050000000,9.810000000,-1.406250000,1.687500000,2375.250000056
1780380094.677739382,0.922928810,-535.594723497,185.898441253,-0.105216602,-0.002532023,0.007833801,0.575374585,0.817848585,0.004873740,0.015728097,1.226210140,0.032289459,0.087838802,0.033659208,-0.021250000,0.006750000,-9.506000000,0.090000000,0.095000000,9.755000000,-2.625000000,2.000000000,-2374.406250056
1780380094.777684689,1.022874117,-535.591965529,185.905936661,-0.102620172,-0.002704033,0.007814618,0.575373228,0.817849172,0.004570254,0.015894683,1.226205239,0.048601829,0.132194189,0.043576947,-0.010500000,-0.004250000,-9.500000000,0.105000000,0.030000000,9.800000000,0.750000000,-2.437500000,-2373.875000056
1780380094.877893448,1.123082876,-535.588102089,185.916513718,-0.099512622,-0.002898850,0.007805268,0.575371165,0.817850045,0.004240766,0.016103603,1.226198684,0.040954996,0.112702316,0.030909088,-0.016750000,0.010000000,-9.513500000,0.045000000,0.035000000,9.795000000,-1.156250000,1.562500000,-2375.656250056
1780380094.977718592,1.222908020,-535.584551216,185.926355021,-0.097032844,-0.002988695,0.007800637,0.575369108,0.817851213,0.004088424,0.016199435,1.226192943,0.057068429,0.158737149,0.038267283,-0.012500000,-0.009250000,-9.492750000,0.035000000,0.050000000,9.815000000,-1.718750000,-2.781250000,-2372.937500056
1780380095.077698946,1.322888374,-535.580974075,185.936341544,-0.094795298,-0.003004747,0.007772315,0.575367145,0.817852806,0.004029527,0.016171590,1.226187366,0.062893822,0.175769655,0.038041931,0.002750000,-0.003000000,9.502250000,-0.025000000,0.000000000,9.810000000,0.781250000,-0.218750000,2375.562499516
1780380095.177729368,1.422918797,-535.576345814,185.949261610,-0.092197810,-0.002972643,0.007662708,0.575365218,0.817855313,0.003955842,0.015955360,1.226180305,0.061217424,0.170530087,0.032836220,0.004750000,-0.002500000,9.489750000,-0.010000000,0.035000000,9.795000000,1.968750000,0.750000000,2374.624999516
1780380095.277786970,1.522976398,-535.571906807,185.961562315,-0.089971588,-0.002943403,0.007464618,0.575364281,0.817857910,0.003775646,0.015597684,1.226173672,0.054550237,0.150643960,0.026250234,0.005500000,-0.010000000,-9.498000000,0.020000000,0.110000000,9.780000000,1.270833333,0.354166667,-0.833333333
1780380095.377779722,1.622969151,-535.565618831,185.978805017,-0.087221876,-0.002952399,0.007057713,0.575364248,0.817861513,0.003292577,0.014942430,1.226164625,0.075897211,0.207314906,0.031083248,-0.002500000,-0.003500000,-9.496500000,-0.005000000,0.045000000,9.770000000,1.000000000,0.000000000,-2372.781250056
1780380095.477766991,1.722956419,-535.560833369,185.991844309,-0.085436949,-0.002991003,0.006697906,0.575364729,0.817864060,0.002815305,0.014398286,1.226158150,0.014483273,0.039450353,0.005058920,-0.016000000,-0.012250000,-9.485750000,0.010000000,0.035000000,9.755000000,-1.125000000,2.468750000,-2375.468750056
1780380095.577731133,1.822920561,-535.553095731,186.012944686,-0.083106120,-0.003055929,0.006131341,0.575365381,0.817867805,0.002057021,0.013546217,1.226148570,0.053430683,0.146053084,0.014069045,-0.002750000,-0.005500000,9.501000000,0.015000000,-0.010000000,9.760000000,0.625000000,0.291666667,1583.791666584
1780380095.677754879,1.922944307,-535.547114119,186.029359707,-0.081759925,-0.003077819,0.005760141,0.575365320,0.817870464,0.001593991,0.012964201,1.226141809,0.088844004,0.244372891,0.017996403,-0.022000000,0.003750000,9.513000000,0.045000000,-0.035000000,9.735000000,-1.208333333,0.041666667,1585.999999917
1780380095.777721167,2.022910595,-535.541665544,186.044391625,-0.080855932,-0.003078382,0.005481326,0.575364839,0.817872717,0.001272175,0.012508765,1.226136055,0.095451143,0.263709799,0.014145177,-0.006000000,-0.014000000,-9.488000000,0.020000000,-0.030000000,9.720000000,-0.687500000,-0.125000000,-2372.187500056
1780380095.877800703,2.122990131,-535.534144403,186.065192830,-0.080056263,-0.003083322,0.005158824,0.575363859,0.817875486,0.000892919,0.011986903,1.226128660,0.021817808,0.060328350,0.001704474,-0.005250000,-0.019750000,9.491000000,0.115000000,-0.010000000,9.715000000,0.000000000,-0.531250000,2373.624999516
1780380095.977741718,2.222931147,-535.526307722,186.086817603,-0.079690859,-0.003138072,0.004841240,0.575362983,0.817877835,0.000437850,0.011530403,1.226121697,0.100246549,0.276175556,0.002646929,-0.010750000,-0.009250000,-9.486500000,0.020000000,0.050000000,9.705000000,1.093750000,0.093750000,-2372.156250056
1780380096.077736378,2.322925806,-535.516057588,186.114954970,-0.079798950,-0.003295585,0.004384679,0.575362509,0.817880124,-0.000345247,0.010964815,1.226113870,0.103142919,0.282632609,-0.003467850,-0.008750000,-0.013500000,-9.501750000,-0.015000000,0.035000000,9.755000000,1.093750000,-0.750000000,-2374.437500056
1780380096.177729607,2.422919035,-535.509683566,186.132410840,-0.080153840,-0.003408272,0.004073748,0.575362504,0.817881274,-0.000887410,0.010585866,1.226109734,0.107426410,0.294248930,-0.007138959,-0.008500000,0.006000000,-9.497000000,-0.000000000,0.005000000,9.750000000,-0.406250000,1.843750000,-2374.156250056
1780380096.277782202,2.522971630,-535.500963666,186.156336917,-0.080963834,-0.003523605,0.003637156,0.575362551,0.817882810,-0.001578505,0.010004403,1.226104844,0.113393855,0.311640397,-0.012293292,-0.014250000,-0.013000000,9.490750000,0.010000000,-0.040000000,9.730000000,-0.791666667,0.458333333,-1.020833333
1780380096.377696276,2.622885704,-535.492026352,186.180979330,-0.082158995,-0.003561464,0.003201778,0.575362439,0.817884545,-0.002141463,0.009335771,1.226100564,0.020742539,0.057356314,-0.003162744,-0.017000000,-0.013750000,9.490250000,0.010000000,-0.090000000,9.720000000,-1.541666667,0.083333333,-0.062500000
1780380096.477663279,2.722852707,-535.482887352,186.206291866,-0.083733201,-0.003530494,0.002780572,0.575362145,0.817886426,-0.002575513,0.008611115,1.226096827,0.064636574,0.179240462,-0.012021571,-0.000750000,-0.011000000,-9.512000000,0.000000000,-0.015000000,9.730000000,2.312500000,1.031250000,-2375.781249516
1780380096.577670574,2.822860003,-535.473541609,186.232217166,-0.085673026,-0.003481742,0.002369727,0.575361833,0.817888148,-0.002968546,0.007882948,1.226093723,0.117101813,0.324818030,-0.025762566,-0.005750000,-0.015000000,-9.497250000,0.040000000,-0.005000000,9.735000000,-1.093750000,0.406250000,-2373.468750056
1780380096.677715063,2.922904491,-535.462531440,186.262716845,-0.088335836,-0.003471574,0.001905933,0.575361672,0.817889517,-0.003485621,0.007112567,1.226091189,0.085658278,0.237032259,-0.021997845,-0.010500000,-0.019250000,9.501750000,0.035000000,-0.020000000,9.730000000,-0.270833333,-1.645833333,-0.250000000
1780380096.777789593,3.022979021,-535.454223933,186.285695718,-0.090589684,-0.003509538,0.001580100,0.575361719,0.817890016,-0.003922669,0.006623252,1.226090098,0.129069773,0.356973327,-0.036117070,-0.012750000,0.003250000,9.496500000,0.060000000,-0.075000000,9.755000000,0.166666667,0.000000000,-0.666666667
1780380096.877714634,3.122904062,-535.443292929,186.315953669,-0.093850978,-0.003586974,0.001210088,0.575361896,0.817890187,-0.004475123,0.006107093,1.226089515,0.070785468,0.196197152,-0.022013702,0.001750000,0.003000000,-9.489000000,0.030000000,-0.060000000,9.715000000,3.531250000,-0.781250000,-2373.062500056
1780380096.977793694,3.222983122,-535.432198502,186.346778624,-0.097470456,-0.003645466,0.000925642,0.575362080,0.817890170,-0.004898122,0.005709104,1.226089519,0.128495971,0.357702614,-0.043178232,-0.012000000,-0.009500000,-9.504750000,0.015000000,-0.085000000,9.745000000,-0.781250000,-1.125000000,-2374.625000056
1780380097.077676773,3.322866201,-535.423527130,186.370972079,-0.100477507,-0.003658312,0.000764396,0.575362217,0.817890183,-0.005104685,0.005460120,1.226089774,0.132454107,0.369990315,-0.046638853,-0.023500000,-0.003000000,9.508750000,0.025000000,-0.065000000,9.760000000,-2.145833333,0.229166667,2.062500000
1780380097.177776575,3.422966003,-535.416319212,186.391130316,-0.103063788,-0.003651049,0.000658722,0.575362370,0.817890200,-0.005214403,0.005278902,1.226090177,0.133586291,0.373775205,-0.048305446,-0.000750000,-0.026250000,9.483500000,-0.005000000,-0.045000000,9.790000000,0.906250000,-2.562500000,2374.625000056
1780380097.277669430,3.522858858,-535.405909049,186.420276091,-0.106883099,-0.003630886,0.000527108,0.575362728,0.817890133,-0.005332868,0.005040408,1.226091163,0.020649008,0.057795772,-0.007629139,-0.013750000,-0.003250000,-9.506750000,0.030000000,-0.050000000,9.805000000,-0.770833333,-1.312500000,-1582.958333251
1780380097.377666473,3.622855902,-535.396420271,186.446837580,-0.110399181,-0.003619084,0.000411792,0.575363253,0.817889882,-0.005446256,0.004838196,1.226092577,0.076136879,0.213094572,-0.028235739,-0.002000000,0.006750000,-9.506250000,-0.010000000,-0.050000000,9.755000000,0.104166667,-0.166666667,-1584.124999917
1780380097.477672577,3.722862005,-535.387358807,186.472193765,-0.113752892,-0.003615903,0.000305259,0.575363931,0.817889467,-0.005563638,0.004660274,1.226094373,0.039754751,0.111256179,-0.014680439,-0.016750000,-0.011250000,-9.493250000,0.020000000,-0.060000000,9.805000000,-1.125000000,-0.916666667,1.541666667
1780380097.577756643,3.822946072,-535.377674759,186.499313118,-0.117312513,-0.003609419,0.000209899,0.575364771,0.817888934,-0.005662758,0.004496828,1.226096593,0.080352933,0.225155009,-0.029417832,-0.004250000,-0.007500000,9.498250000,0.060000000,-0.070000000,9.765000000,0.333333333,0.333333333,1582.979166584
1780380097.677763462,3.922952890,-535.366829575,186.529755666,-0.121253877,-0.003579483,0.000150598,0.575365755,0.817888386,-0.005682021,0.004365382,1.226099164,0.136075474,0.382447529,-0.049190532,0.001500000,-0.009750000,-9.494250000,0.035000000,-0.085000000,9.810000000,1.625000000,0.500000000,-2372.812500056
1780380097.777804136,4.022993565,-535.358100741,186.554330442,-0.124379571,-0.003532042,0.000152201,0.575366530,0.817888047,-0.005602569,0.004313417,1.226101140,0.134998385,0.380433649,-0.048079484,0.002250000,0.001750000,9.474500000,0.025000000,-0.075000000,9.780000000,0.479166667,1.187500000,1580.499999918
1780380097.877721310,4.122910738,-535.346575934,186.586860392,-0.128414816,-0.003448803,0.000222713,0.575367515,0.817887693,-0.005385261,0.004332981,1.226103575,0.058752220,0.166033722,-0.020275373,0.015250000,0.003500000,-9.491000000,0.010000000,-0.060000000,9.795000000,0.656250000,2.062500000,-2373.312500056
1780380097.977772713,4.222962141,-535.338291339,186.610273372,-0.131225359,-0.003389525,0.000312905,0.575368221,0.817887415,-0.005184502,0.004412305,1.226105279,0.059974678,0.169503874,-0.020082105,-0.008500000,0.006500000,9.501250000,0.010000000,-0.120000000,9.815000000,-1.968750000,1.093750000,2374.531250056
1780380098.077714443,4.322903872,-535.328844126,186.636974654,-0.134307827,-0.003335881,0.000444624,0.575369040,0.817886998,-0.004945173,0.004566045,1.226107246,0.095370145,0.269538101,-0.030502982,0.020000000,0.001000000,9.513500000,0.020000000,-0.015000000,9.835000000,2.156250000,1.125000000,2377.593750056
1780380098.177801132,4.422990561,-535.316525018,186.671778425,-0.138082912,-0.003291909,0.000650881,0.575370123,0.817886276,-0.004635890,0.004852845,1.226109890,0.143085638,0.404196539,-0.042468650,-0.001000000,0.012750000,9.499750000,0.000000000,-0.060000000,9.855000000,-1.187500000,2.875000000,2374.062500056
1780380098.277842283,4.523031712,-535.307506674,186.697261609,-0.140641574,-0.003267279,0.000825738,0.575370861,0.817885698,-0.004394381,0.005110535,1.226111781,0.145646216,0.411616676,-0.040287772,0.007500000,0.004000000,-9.472750000,-0.040000000,-0.075000000,9.855000000,-0.166666667,-0.416666667,-1579.250000157
1780380098.377689123,4.622878551,-535.296176293,186.729313955,-0.143580836,-0.003223691,0.001078386,0.575371605,0.817885054,-0.004032344,0.005473661,1.226113934,0.089332395,0.252874886,-0.022091181,0.014250000,0.007500000,9.509500000,-0.000000000,-0.095000000,9.860000000,-1.156250000,0.437500000,2376.593749516
1780380098.477742910,4.722932339,-535.284221134,186.763198621,-0.146320958,-0.003145926,0.001386572,0.575372046,0.817884582,-0.003550487,0.005888302,1.226115779,0.146431471,0.415353723,-0.031754279,-0.001000000,0.013500000,9.497500000,-0.040000000,-0.070000000,9.850000000,-0.218750000,1.906250000,2374.562500056
1780380098.577811241,4.823000669,-535.272779563,186.795675387,-0.148569834,-0.003044301,0.001713891,0.575372083,0.817884320,-0.003007586,0.006306783,1.226117111,0.100822659,0.286247851,-0.018393273,0.009750000,-0.008500000,9.495250000,-0.025000000,-0.045000000,9.860000000,0.593750000,0.343750000,2372.125000056
1780380098.677668095,4.922857523,-535.264734215,186.818519479,-0.149920250,-0.002967024,0.001955636,0.575371895,0.817884194,-0.002602988,0.006613300,1.226117825,0.147940439,0.420016546,-0.023676840,0.012000000,0.012250000,-9.516750000,-0.020000000,-0.035000000,9.875000000,1.906250000,1.468750000,-2377.687500056
1780380098.777764559,5.022953987,-535.253763032,186.849655615,-0.151441951,-0.002868074,0.002292723,0.575371383,0.817884032,-0.002053223,0.007050837,1.226118544,0.104888329,0.297557945,-0.013132347,0.011750000,0.017500000,-9.498000000,-0.020000000,-0.030000000,9.850000000,1.156250000,0.625000000,-2372.625000056
1780380098.877701521,5.122890949,-535.244476651,186.875986185,-0.152434296,-0.002796090,0.002582850,0.575370730,0.817883876,-0.001601606,0.007442587,1.226118933,0.143845313,0.407770281,-0.013914532,0.020000000,0.009500000,-9.497500000,-0.035000000,-0.030000000,9.865000000,1.062500000,0.375000000,-2374.125000056
1780380098.977710009,5.222899437,-535.235734482,186.900757652,-0.153117158,-0.002736896,0.002862494,0.575369907,0.817883724,-0.001182976,0.007831910,1.226119089,0.151768214,0.430022614,-0.010440215,0.000250000,0.016750000,9.481250000,-0.055000000,-0.045000000,9.820000000,0.750000000,1.750000000,-0.750000000
1780380099.077750683,5.322940111,-535.226962276,186.925609646,-0.153556094,-0.002680671,0.003153517,0.575368833,0.817883595,-0.000756109,0.008243263,1.226118998,0.147865953,0.418902343,-0.006012126,0.016500000,0.008250000,9.508250000,-0.020000000,0.010000000,9.890000000,0.000000000,0.343750000,2375.000000056
1780380099.177724838,5.422914267,-535.211698083,186.968869889,-0.153732185,-0.002575655,0.003691810,0.575366248,0.817883498,0.000035115,0.009002953,1.226118155,0.177822734,0.504120396,0.001282869,0.003250000,0.019000000,9.496250000,-0.040000000,-0.045000000,9.890000000,-0.020833333,1.041666667,-0.520833333
1780380099.277706861,5.522896290,-535.203448785,186.992255851,-0.153518225,-0.002512928,0.003997056,0.575364458,0.817883518,0.000488986,0.009430091,1.226117350,0.148575865,0.421198043,0.005102523,0.014750000,0.016500000,9.506250000,-0.100000000,-0.040000000,9.880000000,-1.156250000,-0.250000000,2375.281250056
1780380099.377664089,5.622853518,-535.194585386,187.017380239,-0.153048662,-0.002444068,0.004329578,0.575362244,0.817883592,0.000984274,0.009894793,1.226116208,0.057030517,0.161623603,0.003550673,0.013500000,-0.002500000,9.508000000,-0.075000000,-0.035000000,9.870000000,0.250000000,-2.250000000,2378.375000056
1780380099.477784395,5.722973824,-535.180936308,187.056032961,-0.151846172,-0.002346213,0.004833720,0.575358381,0.817883772,0.001724482,0.010606867,1.226113959,0.094412633,0.267194646,0.010046746,0.003000000,0.015750000,9.488500000,-0.100000000,0.020000000,9.875000000,-2.531250000,2.687500000,2371.937500056
1780380099.577665329,5.822854757,-535.168406825,187.091452570,-0.150241642,-0.002273096,0.005272695,0.575354494,0.817884000,0.002349230,0.011240815,1.226111394,0.160899032,0.454521873,0.022902598,0.021250000,0.026750000,9.514250000,-0.080000000,0.025000000,9.880000000,-0.093750000,4.312500000,2377.031250056
1780380099.677876949,5.923066378,-535.161819150,187.110052395,-0.149211348,-0.002240320,0.005492369,0.575352342,0.817884159,0.002655631,0.011562446,1.226109842,0.153165272,0.432373065,0.024755401,0.009500000,0.011750000,-9.499750000,-0.115000000,0.025000000,9.875000000,-1.718750000,2.656249999,-2372.562499517
1780380099.777752638,6.022942066,-535.149802385,187.143949386,-0.147013983,-0.002184514,0.005875283,0.575348232,0.817884540,0.003187547,0.012124616,1.226106651,0.017343980,0.048917800,0.003445637,-0.005250000,0.009000000,-9.489750000,-0.080000000,0.040000000,9.840000000,-0.562500000,-2.312500000,-2371.531250056
1780380099.877717018,6.122906446,-535.137742115,187.177944606,-0.144418157,-0.002126127,0.006240789,0.575343840,0.817885076,0.003703649,0.012655342,1.226102962,0.149380967,0.421011938,0.033886970,-0.001250000,0.010500000,-9.508500000,-0.115000000,0.035000000,9.855000000,0.031250000,2.250000000,-2375.812499516
1780380099.977818489,6.223007917,-535.125642357,187.212031762,-0.141453833,-0.002063295,0.006589944,0.575339181,0.817885776,0.004208203,0.013154212,1.226098777,0.148962026,0.419565303,0.038059372,0.008750000,0.010000000,9.504250000,-0.100000000,0.000000000,9.865000000,-1.291666667,-0.104166667,1583.687499917
1780380100.077763557,6.322952986,-535.113501477,187.246202841,-0.138155941,-0.002003447,0.006917693,0.575334343,0.817886621,0.004683239,0.013621502,1.226094109,0.149616293,0.420923432,0.042029073,0.003750000,0.009750000,-9.496500000,-0.120000000,0.060000000,9.855000000,1.000000000,0.625000000,-2374.906250056
1780380100.177727699,6.422917128,-535.101315218,187.280449695,-0.134561445,-0.001957789,0.007215640,0.575329465,0.817887589,0.005100765,0.014056375,1.226088969,0.159212298,0.447155947,0.048240304,0.008250000,0.010250000,-9.502000000,-0.140000000,0.035000000,9.845000000,-0.906250000,-0.750000000,-2373.968750056
1780380100.277876139,6.523065567,-535.090306712,187.311331294,-0.131103723,-0.001934529,0.007452795,0.575325147,0.817888555,0.005411692,0.014417577,1.226083955,0.099274320,0.278276923,0.031859931,0.009500000,0.006250000,-9.497750000,-0.125000000,0.090000000,9.850000000,0.468750000,-1.156250000,-2374.937500056
1780380100.377724409,6.622913837,-535.076803207,187.349148356,-0.126633009,-0.001926707,0.007700826,0.575320017,0.817889885,0.005709868,0.014814343,1.226077315,0.153346493,0.429190583,0.051755630,-0.013000000,0.001500000,9.496000000,-0.125000000,0.040000000,9.840000000,-0.791666667,-0.270833333,1582.479166584
1780380100.477763891,6.722953320,-535.064485949,187.383594975,-0.122377266,-0.001930774,0.007887903,0.575315516,0.817891258,0.005918452,0.015125078,1.226070837,0.155773871,0.435493694,0.054507038,0.016250000,-0.009250000,9.498750000,-0.150000000,0.080000000,9.860000000,1.708333333,-1.270833333,1582.270833251
1780380100.577800989,6.822990417,-535.052134561,187.418104237,-0.117983742,-0.001937980,0.008039147,0.575311181,0.817892818,0.006080659,0.015380811,1.226063953,0.157925551,0.441115602,0.056655562,0.000750000,0.006250000,-9.500000000,-0.150000000,0.095000000,9.825000000,-1.593750000,-0.500000000,-2372.906250056
1780380100.677671909,6.922861338,-535.039749967,187.452673011,-0.113498838,-0.001947640,0.008151444,0.575307068,0.817894576,0.006194028,0.015575655,1.226056679,0.156341526,0.436233351,0.056860284,-0.006750000,0.010250000,-9.507750000,-0.160000000,0.080000000,9.805000000,0.843750000,2.343750000,-2378.250000056
1780380100.777663946,7.022853374,-535.027329876,187.487296626,-0.108971194,-0.001965179,0.008218877,0.575303278,0.817896525,0.006242877,0.015706175,1.226049023,0.099402927,0.276966426,0.036239345,-0.004500000,-0.010000000,9.496750000,-0.170000000,0.080000000,9.835000000,-0.854166667,-1.458333333,1583.041666584
1780380100.877743721,7.122933149,-535.012376066,187.528910214,-0.103551345,-0.002005319,0.008234094,0.575299273,0.817899092,0.006194651,0.015777287,1.226039359,0.138944631,0.386333662,0.050043371,-0.003250000,-0.000500000,-9.503000000,-0.185000000,0.025000000,9.780000000,-1.031250000,0.156250000,-2375.687500056
1780380100.977764130,7.222953558,-534.997996669,187.568850447,-0.098445444,-0.002065211,0.008182087,0.575296015,0.817901757,0.006036751,0.015761155,1.226029669,0.154065461,0.427692555,0.054094030,-0.012250000,0.005750000,9.501250000,-0.150000000,0.040000000,9.790000000,0.125000000,-1.531250000,2377.062500056
1780380101.077745438,7.322934866,-534.983577496,187.608845629,-0.093500986,-0.002139624,0.008072785,0.575293242,0.817904602,0.005789164,0.015668000,1.226019639,0.158675033,0.439919582,0.053475922,0.001000000,0.002250000,9.485250000,-0.125000000,0.055000000,9.770000000,0.343750000,1.593750000,2371.625000056
1780380101.177782536,7.422971964,-534.971012748,187.643665919,-0.089389300,-0.002210597,0.007937605,0.575291147,0.817907210,0.005517435,0.015528546,1.226010697,0.154370779,0.427661334,0.049538052,0.010250000,0.006500000,-9.491000000,-0.120000000,0.035000000,9.785000000,0.333333333,1.458333333,-1582.458333251
1780380101.277745724,7.522935152,-534.954014562,187.690729717,-0.084201225,-0.002315242,0.007699022,0.575288742,0.817910892,0.005071610,0.015258686,1.225998379,0.158022223,0.437283919,0.046388303,-0.014250000,0.000250000,9.515000000,-0.175000000,0.030000000,9.760000000,-0.291666667,-1.833333334,1.145833333
1780380101.377725840,7.622915268,-534.939500431,187.730866758,-0.080182910,-0.002418216,0.007442363,0.575287098,0.817914126,0.004607737,0.014957322,1.225987735,0.157601997,0.435630715,0.041859412,-0.029750000,0.008750000,-9.479500000,-0.150000000,0.085000000,9.765000000,-2.687500000,2.343750000,-2372.218750056
1780380101.477685452,7.722874880,-534.930017035,187.757063516,-0.077791509,-0.002494241,0.007247616,0.575286230,0.817916258,0.004259221,0.014726224,1.225980763,0.163710321,0.452139997,0.040159968,-0.019250000,-0.018500000,-9.513000000,-0.150000000,0.040000000,9.730000000,-2.468749999,-2.250000000,-2374.499999516
1780380101.577713013,7.822902441,-534.914184224,187.800758762,-0.074253772,-0.002633905,0.006878264,0.575285073,0.817919823,0.003605654,0.014282715,1.225969157,0.160816220,0.443662724,0.033515165,-0.001000000,0.000250000,-9.487750000,-0.170000000,0.025000000,9.750000000,-0.343750000,-0.218750000,-2374.812499516
1780380101.677681208,7.922870636,-534.902767048,187.832244440,-0.072082314,-0.002739723,0.006582728,0.575284403,0.817922379,0.003092424,0.013921010,1.225960894,0.163162880,0.449889022,0.029321391,-0.007250000,-0.011750000,-9.494750000,-0.145000000,0.065000000,9.775000000,-0.812500000,-0.281250000,-2375.437499516
1780380101.777684689,8.022874117,-534.891974813,187.861999596,-0.070341007,-0.002839961,0.006285485,0.575283827,0.817924780,0.002586368,0.013550089,1.225953188,0.162689646,0.448538827,0.024595016,0.003000000,-0.000500000,9.494750000,-0.135000000,-0.005000000,9.725000000,0.250000000,-0.458333333,-1.583333333
1780380101.877763510,8.122952938,-534.875454189,187.907539252,-0.068293842,-0.002991971,0.005803215,0.575283000,0.817928383,0.001782696,0.012936050,1.225941697,0.159096525,0.438493071,0.016719570,-0.007250000,-0.012750000,-9.509500000,-0.110000000,-0.000000000,9.715000000,-0.343750000,-1.843750000,-2376.937500056
1780380101.977961302,8.223150730,-534.861462436,187.946098865,-0.067172411,-0.003122301,0.005372882,0.575282320,0.817931315,0.001074275,0.012382022,1.225932332,0.159687556,0.440057844,0.010262802,-0.014250000,-0.012000000,-9.486250000,-0.115000000,0.025000000,9.700000000,-0.375000000,-1.781250000,-2372.062500056
1780380102.077924967,8.323114395,-534.845549762,187.989940789,-0.066604233,-0.003276576,0.004863814,0.575281545,0.817934442,0.000236092,0.011726737,1.225922199,0.161030742,0.443645329,0.002662901,-0.013000000,-0.016500000,-9.490000000,-0.130000000,0.005000000,9.705000000,-0.458333333,-0.520833333,0.083333333
1780380102.177754641,8.422944069,-534.829627588,188.033805048,-0.066802289,-0.003435809,0.004342198,0.575280727,0.817937299,-0.000624626,0.011056627,1.225912735,0.160287437,0.441595248,-0.005092774,-0.011500000,-0.008750000,9.506000000,-0.120000000,-0.020000000,9.710000000,-0.531250000,-1.343750000,2375.093750056
1780380102.277722836,8.522912264,-534.813704339,188.077690270,-0.067768275,-0.003592272,0.003820545,0.575279806,0.817939878,-0.001480841,0.010383263,1.225904026,0.158827818,0.437841040,-0.012680867,-0.012000000,0.000750000,9.492250000,-0.110000000,-0.045000000,9.780000000,-0.250000000,0.833333333,-1.208333333
1780380102.377731323,8.622920752,-534.797787370,188.121595340,-0.069490415,-0.003739140,0.003309883,0.575278758,0.817942183,-0.002308700,0.009716834,1.225896132,0.168434056,0.464804260,-0.021377848,0.002000000,-0.004250000,-9.489500000,-0.070000000,-0.045000000,9.720000000,2.593750000,0.531250000,-2374.562500056
1780380102.477862358,8.723051786,-534.781879624,188.165517919,-0.071944750,-0.003875483,0.002816721,0.575277621,0.817944194,-0.003099197,0.009066923,1.225889124,0.179944233,0.497058351,-0.030997815,-0.014500000,-0.005250000,-9.504250000,-0.115000000,-0.050000000,9.710000000,-0.250000000,-0.708333333,-1.458333333
1780380102.577704906,8.822894335,-534.765982223,188.209455109,-0.075095859,-0.004003533,0.002345492,0.575276461,0.817945881,-0.003850880,0.008443349,1.225883078,0.157139299,0.434466542,-0.033808450,-0.002500000,0.003250000,9.508250000,-0.045000000,-0.025000000,9.745000000,-0.281250000,1.312500000,2377.031250056
1780380102.677680731,8.922870159,-534.755179598,188.239339657,-0.077613219,-0.004085768,0.002040911,0.575275684,0.817946837,-0.004335863,0.008039687,1.225879534,0.164085324,0.454049848,-0.039806506,0.000500000,-0.021500000,-9.522500000,-0.075000000,-0.045000000,9.750000000,-0.125000000,-2.062500000,-1585.833333491
1780380102.777667999,9.022857428,-534.742481544,188.274504941,-0.080935877,-0.004175336,0.001703792,0.575274801,0.817947778,-0.004870276,0.007591230,1.225875952,0.082296523,0.228003219,-0.022449781,-0.009750000,-0.009750000,9.490000000,-0.035000000,-0.025000000,9.745000000,2.875000000,-1.062500000,2374.125000056
1780380102.877763748,9.122953176,-534.729798259,188.309677323,-0.084617627,-0.004254276,0.001394827,0.575273973,0.817948539,-0.005354905,0.007176603,1.225872992,0.159643993,0.442937085,-0.047960196,0.004000000,0.005250000,9.503500000,-0.090000000,-0.065000000,9.760000000,1.312500000,-1.250000000,2374.187500056
1780380102.977714539,9.222903967,-534.711438593,188.360688760,-0.090518287,-0.004346304,0.001005674,0.575272921,0.817949366,-0.005953205,0.006645851,1.225869752,0.158084728,0.439674520,-0.053006764,0.004250000,-0.009500000,-9.509000000,-0.055000000,-0.080000000,9.765000000,2.281250000,1.656250000,-2375.937500056
1780380103.077687979,9.322877407,-534.698799037,188.395875711,-0.094917787,-0.004394789,0.000781202,0.575272345,0.817949757,-0.006290793,0.006334412,1.225868218,0.161283482,0.449283562,-0.057309622,-0.019750000,-0.005250000,-9.500250000,-0.035000000,-0.040000000,9.800000000,-3.375000000,1.500000000,-2374.718750056
1780380103.177764416,9.422953844,-534.685547184,188.432826912,-0.099771692,-0.004434024,0.000585531,0.575271905,0.817950018,-0.006580109,0.006059445,1.225867187,0.163212846,0.455401598,-0.060801536,-0.010000000,0.006750000,-9.489500000,-0.085000000,-0.085000000,9.780000000,-1.000000000,0.906250000,-2373.156250056
1780380103.277798414,9.522987843,-534.672945043,188.468022690,-0.104568523,-0.004460472,0.000438587,0.575271665,0.817950135,-0.006792442,0.005849483,1.225866728,0.153620227,0.429319182,-0.059151808,-0.004000000,0.021250000,-9.503250000,-0.035000000,-0.065000000,9.760000000,-1.562500000,4.000000000,-2373.875000056
1780380103.377710342,9.622899771,-534.660362188,188.503222656,-0.109484933,-0.004474814,0.000332054,0.575271600,0.817950153,-0.006938475,0.005691705,1.225866722,0.163696487,0.458252531,-0.064440703,-0.005000000,-0.005750000,9.490500000,-0.050000000,-0.110000000,9.815000000,-0.333333333,-0.562500000,1583.520833251
1780380103.477672577,9.722862005,-534.647799691,188.538427107,-0.114469869,-0.004474974,0.000267984,0.575271701,0.817950104,-0.007012450,0.005587075,1.225867100,0.088008862,0.246809897,-0.035046971,-0.002000000,0.003250000,-9.493250000,-0.030000000,-0.050000000,9.795000000,-1.750000000,0.812500000,-2373.656250056
1780380103.577770948,9.822960377,-534.632125493,188.582439118,-0.120718194,-0.004453488,0.000249342,0.575272037,0.817949991,-0.006998746,0.005531861,1.225868012,0.091416918,0.256905126,-0.036387770,-0.011000000,-0.009000000,-9.505250000,-0.010000000,-0.110000000,9.805000000,0.031250000,0.343750000,-2375.656250056
1780380103.677733660,9.922923088,-534.619608390,188.617653707,-0.125667033,-0.004419594,0.000283267,0.575272443,0.817949878,-0.006904262,0.005548365,1.225869010,0.155500218,0.437710426,-0.061143173,0.005750000,0.008750000,9.493000000,-0.035000000,-0.095000000,9.850000000,2.156250000,0.812500000,2373.437500056
1780380103.777811289,10.023000717,-534.603986682,188.661677411,-0.131706243,-0.004358995,0.000384574,0.575273074,0.817949718,-0.006688563,0.005644380,1.225870502,0.159584735,0.450027684,-0.060848845,-0.000750000,0.011750000,9.482250000,-0.050000000,-0.105000000,9.820000000,-0.375000000,0.250000000,2371.843750056
1780380103.877823353,10.123012781,-534.591507302,188.696900566,-0.136358750,-0.004297320,0.000511114,0.575273625,0.817949588,-0.006442074,0.005780433,1.225871811,0.159021399,0.449035064,-0.058392167,-0.004250000,0.025250000,-9.503250000,-0.060000000,-0.055000000,9.775000000,-0.625000000,1.041666667,-1582.833333251
1780380103.977737665,10.222927094,-534.575928746,188.740934967,-0.141870880,-0.004203658,0.000724603,0.575274284,0.817949450,-0.006043215,0.006021925,1.225873471,0.153745713,0.434866584,-0.052905810,0.023750000,0.004000000,9.489000000,-0.030000000,-0.090000000,9.810000000,1.937500000,-0.281250000,2373.062500056
1780380104.077780962,10.322970390,-534.563496778,188.776114058,-0.145983452,-0.004113592,0.000945551,0.575265662,0.817955746,-0.005641728,0.006279696,1.225852605,0.153963465,0.435711234,-0.049639384,0.009500000,-0.009500000,9.474250000,-0.055000000,-0.075000000,9.870000000,0.395833333,-0.395833333,-1.812500000
1780380104.177747011,10.422936440,-534.548007415,188.819943589,-0.150683923,-0.003994656,0.001277452,0.575229717,0.817981163,-0.005065585,0.006685602,1.225765338,0.157400689,0.445380576,-0.045660027,0.007500000,0.001500000,-9.486250000,-0.080000000,-0.070000000,9.875000000,-1.968750000,0.062500000,-2372.406250056
1780380104.277755976,10.522945404,-534.534415973,188.858395350,-0.154356240,-0.003881116,0.001608967,0.575177160,0.818018082,-0.004498892,0.007097045,1.225637848,0.155448847,0.439748139,-0.039972805,0.023000000,0.000000000,9.497750000,-0.070000000,-0.040000000,9.875000000,2.041666667,0.020833333,1582.687500157
1780380104.377884388,10.623073816,-534.520242500,188.898491530,-0.157673063,-0.003746667,0.001985866,0.575103310,0.818069802,-0.003846033,0.007558667,1.225458957,0.156288354,0.442094102,-0.034161340,0.002250000,0.011500000,-9.499000000,-0.060000000,-0.070000000,9.915000000,-0.593750000,0.625000000,-2373.749999516
1780380104.477718115,10.722907543,-534.504872846,188.941967126,-0.160611491,-0.003577883,0.002423552,0.575003253,0.818139710,-0.003067420,0.008080285,1.225216980,0.156524851,0.442707091,-0.026976604,0.004750000,-0.002250000,9.492000000,-0.060000000,-0.055000000,9.870000000,-0.500000000,-1.281250000,2373.375000056
1780380104.577660561,10.822849989,-534.492600512,188.976673151,-0.162425199,-0.003428351,0.002790823,0.574909767,0.818204875,-0.002401333,0.008509017,1.224991243,0.130245675,0.368259698,-0.017296585,0.014250000,0.001500000,9.487500000,-0.110000000,-0.035000000,9.905000000,1.125000000,-2.000000000,2373.250000056
1780380104.677688360,10.922877789,-534.474833777,189.026884612,-0.164165112,-0.003200891,0.003344839,0.574755173,0.818312323,-0.001393788,0.009153831,1.224618548,0.158487795,0.447736008,-0.011574366,0.011250000,0.008250000,-9.483250000,-0.100000000,-0.020000000,9.890000000,1.531250000,-0.687500000,-2375.937500056
1780380104.777667046,11.022856474,-534.459537211,189.070068037,-0.164801113,-0.003005489,0.003838914,0.574605668,0.818415882,-0.000507780,0.009737753,1.224258719,0.155999804,0.440220211,-0.003207534,0.014500000,-0.012000000,-9.495250000,-0.125000000,-0.030000000,9.860000000,-0.093750000,-3.000000000,-2373.718750056
1780380104.877676487,11.122865915,-534.444254017,189.113163203,-0.164633230,-0.002814771,0.004344581,0.574442764,0.818528382,0.000383506,0.010346360,1.223867233,0.155671457,0.438734105,0.004983175,0.007000000,0.016250000,9.493250000,-0.080000000,-0.035000000,9.900000000,-0.437500000,0.000000000,2373.124999517
1780380104.977751255,11.222940683,-534.428980835,189.156178846,-0.163663761,-0.002627583,0.004855402,0.574267846,0.818648863,0.001274543,0.010967831,1.223447458,0.154608120,0.435202582,0.013050469,0.006500000,0.009000000,-9.496750000,-0.145000000,-0.005000000,9.870000000,-0.645833333,-1.458333333,-1582.291666824
1780380105.077684402,11.322873831,-534.413712278,189.199124222,-0.161899126,-0.002443322,0.005359788,0.574082204,0.818776481,0.002152995,0.011582531,1.223002397,0.158127696,0.444509373,0.021540323,0.016250000,-0.012750000,9.476000000,-0.130000000,0.015000000,9.880000000,0.729166667,0.437500000,-1.062500000
1780380105.177720785,11.422910213,-534.401495408,189.233435273,-0.159925359,-0.002299505,0.005748698,0.573926794,0.818883203,0.002832822,0.012054812,1.222629963,0.152621369,0.428428231,0.026955120,0.007000000,0.010500000,9.481750000,-0.140000000,0.015000000,9.875000000,0.062500000,-0.291666667,1581.020833251
1780380105.277675390,11.522864819,-534.386827723,189.274560599,-0.156921586,-0.002133588,0.006187849,0.573733094,0.819016175,0.003605755,0.012584448,1.222165689,0.150673963,0.422163236,0.033581342,0.008500000,-0.003750000,-9.496000000,-0.115000000,0.050000000,9.860000000,0.833333333,-2.000000000,0.979166667
1780380105.377695560,11.622884989,-534.369701036,189.322479614,-0.152596814,-0.001951349,0.006653041,0.573498309,0.819177404,0.004434411,0.013138610,1.221602516,0.130815225,0.365653351,0.035749399,0.013000000,-0.010250000,-9.506000000,-0.130000000,0.045000000,9.900000000,1.270833333,-0.833333333,-1584.729166824
1780380105.477670908,11.722860336,-534.354395116,189.365213138,-0.148059208,-0.001800261,0.007021863,0.573281643,0.819326315,0.005101499,0.013570924,1.221082198,0.136708039,0.381393279,0.042627946,0.006000000,-0.012500000,9.505250000,-0.155000000,0.035000000,9.860000000,-0.250000000,-1.875000000,1.187500000
1780380105.577685118,11.822874546,-534.339074265,189.407900144,-0.142961295,-0.001663264,0.007344901,0.573059175,0.819479389,0.005692689,0.013944740,1.220547188,0.156954762,0.436920470,0.054301948,0.007250000,0.003500000,9.482500000,-0.155000000,0.065000000,9.790000000,-0.458333333,0.770833333,1583.270833251
1780380105.677695751,11.922885180,-534.323736334,189.450542078,-0.137384081,-0.001545626,0.007618786,0.572831642,0.819636184,0.006195531,0.014260515,1.219999017,0.156828461,0.435593105,0.058746680,0.011250000,-0.000250000,-9.513250000,-0.165000000,0.070000000,9.820000000,0.895833333,-0.895833333,-0.854166667
1780380105.777809858,12.022999287,-534.308378597,189.493141036,-0.131414448,-0.001452044,0.007838508,0.572599725,0.819796318,0.006596638,0.014515350,1.219439048,0.154997359,0.429539340,0.061578985,0.015000000,0.005250000,9.487750000,-0.175000000,0.065000000,9.830000000,1.500000000,-1.718750000,2374.593750056
1780380105.877747536,12.122936964,-534.292998831,189.535700268,-0.125145611,-0.001383678,0.007999170,0.572364036,0.819959456,0.006888553,0.014702455,1.218868514,0.154374910,0.426809557,0.063855939,0.000750000,0.009500000,9.487000000,-0.175000000,0.040000000,9.875000000,-0.583333333,0.812500000,-1.562500000
1780380105.977705479,12.222894907,-534.277596240,189.578223838,-0.118675968,-0.001338382,0.008097166,0.572125098,0.820125306,0.007070736,0.014813368,1.218288516,0.153152910,0.422427334,0.064847427,0.012250000,0.010500000,9.489000000,-0.150000000,0.070000000,9.810000000,0.625000000,-0.020833333,1583.416666824
1780380106.077748775,12.322938204,-534.264023313,189.615618117,-0.112896897,-0.001315771,0.008129632,0.571912499,0.820273291,0.007141140,0.014842597,1.217771058,0.151181873,0.416225527,0.064495814,-0.018500000,0.004500000,-9.508500000,-0.130000000,0.080000000,9.840000000,-2.875000000,0.437500000,-2374.500000056
1780380106.177743196,12.422932625,-534.248577643,189.658083447,-0.106324497,-0.001309893,0.008104033,0.571668606,0.820443547,0.007117095,0.014795993,1.217175814,0.153300626,0.421114314,0.064988391,0.013500000,-0.007500000,9.484500000,-0.160000000,0.050000000,9.820000000,1.781250000,-1.062500000,2375.468750056
1780380106.277764797,12.522954226,-534.235584226,189.693731496,-0.100871355,-0.001322899,0.008031151,0.571462078,0.820588108,0.007008701,0.014693036,1.216670446,0.153229981,0.420069462,0.063817088,0.003750000,-0.021250000,-9.484000000,-0.130000000,0.040000000,9.810000000,-0.125000000,-1.854166667,1.750000000
1780380106.377666473,12.622855902,-534.225673029,189.720878057,-0.096798466,-0.001344641,0.007945041,0.571303807,0.820699110,0.006871757,0.014577890,1.216282401,0.152141072,0.416482044,0.062027353,0.005750000,0.004500000,9.501750000,-0.180000000,0.015000000,9.780000000,-0.312500000,0.500000000,2375.093750056
1780380106.477782488,12.722971916,-534.213270439,189.754794437,-0.091851952,-0.001386479,0.007802167,0.571104940,0.820838810,0.006636296,0.014392791,1.215793998,0.160105484,0.437519868,0.062915793,0.005500000,-0.014250000,-9.504000000,-0.150000000,0.085000000,9.775000000,0.770833333,-0.375000000,-1.083333333
1780380106.577816010,12.823005438,-534.200853635,189.788692414,-0.087114146,-0.001444097,0.007622862,0.570905005,0.820979465,0.006333389,0.014165784,1.215302181,0.072781679,0.198562019,0.027235288,-0.016750000,0.004750000,-9.513000000,-0.180000000,0.045000000,9.735000000,-1.375000000,-1.718750000,-2375.062499516
1780380106.677817822,12.923007250,-534.188423550,189.822572494,-0.082634204,-0.001516589,0.007410002,0.570704064,0.821120980,0.005967842,0.013900511,1.214807252,0.151725373,0.413286896,0.053354674,-0.005750000,-0.001750000,9.494750000,-0.135000000,0.060000000,9.755000000,-1.250000000,0.406250000,2374.125000056
1780380106.777952671,13.023142099,-534.172867970,189.864898300,-0.077466049,-0.001626975,0.007100324,0.570451562,0.821298943,0.005428839,0.013519610,1.214184641,0.152299404,0.414068731,0.048521822,-0.009500000,-0.025000000,9.497750000,-0.110000000,0.030000000,9.740000000,0.906250000,-0.343750000,2375.437500056
1780380106.877793789,13.122983217,-534.160409661,189.898740375,-0.073726975,-0.001730420,0.006820074,0.570248561,0.821442068,0.004935844,0.013178512,1.213683699,0.155380964,0.421826639,0.044852823,-0.004500000,-0.001750000,9.489500000,-0.130000000,0.005000000,9.740000000,-0.843750000,0.437500000,2375.562500056
1780380106.977827787,13.223017216,-534.151058129,189.924111558,-0.071177633,-0.001816383,0.006592270,0.570095753,0.821549801,0.004532344,0.012903140,1.213306483,0.161089082,0.436856750,0.042591545,-0.017750000,-0.012750000,9.496000000,-0.135000000,0.065000000,9.770000000,0.187500000,-1.281250000,2374.718749516
1780380107.077668667,13.322858095,-534.138579199,189.957926347,-0.068145136,-0.001941269,0.006267183,0.569891296,0.821693899,0.003953289,0.012512363,1.212801710,0.073671136,0.199520797,0.016934460,-0.008750000,-0.009750000,9.504500000,-0.170000000,0.040000000,9.750000000,-0.218750000,-1.468750000,2376.468749516
1780380107.177837133,13.423026562,-534.126089933,189.991726406,-0.065559006,-0.002076341,0.005920947,0.569686041,0.821838455,0.003333578,0.012098143,1.212295047,0.154548517,0.418050163,0.029846298,-0.027250000,0.000750000,9.495500000,-0.130000000,0.030000000,9.745000000,-3.749999999,0.062500000,2375.593749516
1780380107.277670145,13.522859573,-534.110465993,190.033956396,-0.062993597,-0.002256835,0.005464773,0.569428375,0.822019689,0.002513439,0.011554770,1.211659367,0.151928473,0.410419104,0.021962840,0.004000000,-0.022250000,-9.495500000,-0.115000000,-0.010000000,9.720000000,0.916666667,-1.187500000,-1583.020833491
1780380107.377792120,13.622981548,-534.097959046,190.067724674,-0.061500914,-0.002408850,0.005086558,0.569221383,0.822165033,0.001829925,0.011106547,1.211149160,0.160172875,0.432290640,0.016667563,0.000250000,-0.016250000,-9.498500000,-0.070000000,0.015000000,9.715000000,1.375000000,0.562500000,-1582.562500157
1780380107.477934361,13.723123789,-534.085446512,190.101478972,-0.060522754,-0.002566738,0.004701254,0.569013652,0.822310631,0.001128908,0.010653002,1.210637664,0.155657819,0.419759033,0.009734623,0.007250000,0.001250000,9.491750000,-0.110000000,0.015000000,9.720000000,1.406250000,1.562500000,2376.187500056
1780380107.577666521,13.822855949,-534.072929644,190.135219302,-0.060068982,-0.002729837,0.004313077,0.568805214,0.822456426,0.000416280,0.010200303,1.210125039,0.168082673,0.452938530,0.003434677,-0.017250000,-0.001500000,9.474250000,-0.115000000,0.025000000,9.705000000,-2.125000000,2.093750000,2373.374999516
1780380107.677669525,13.922858953,-534.057279769,190.177375444,-0.060245144,-0.002939420,0.003830229,0.568543724,0.822638878,-0.000480880,0.009644318,1.209482895,0.160547722,0.432370859,-0.005195502,-0.002250000,0.025250000,9.496000000,-0.140000000,-0.005000000,9.695000000,1.000000000,5.124999999,2375.281249516
1780380107.777670145,14.022859573,-534.044758620,190.211085434,-0.060978478,-0.003109615,0.003450981,0.568333827,0.822784955,-0.001194521,0.009213559,1.208968256,0.103844681,0.279552451,-0.007707886,-0.004750000,-0.003750000,9.506000000,-0.085000000,-0.055000000,9.730000000,-0.208333333,0.083333333,0.645833333
1780380107.877806664,14.122996092,-534.029734605,190.251521011,-0.062541769,-0.003313597,0.003010339,0.568081187,0.822960341,-0.002033762,0.008719673,1.208349789,0.159157121,0.428341132,-0.019642119,-0.010000000,0.003000000,-9.499250000,-0.090000000,-0.020000000,9.745000000,-0.343750000,0.906250000,-2372.406250056
1780380107.977896929,14.223086357,-534.016592037,190.286888432,-0.064503681,-0.003489279,0.002642480,0.567859508,0.823113857,-0.002743132,0.008313059,1.207807957,0.158434973,0.426369834,-0.026142310,0.000250000,0.001500000,-9.507750000,-0.060000000,-0.045000000,9.720000000,0.531250000,0.500000000,-2374.906250056
1780380108.077804565,14.322993994,-534.004079525,190.320560377,-0.066866463,-0.003652436,0.002311170,0.567647910,0.823260085,-0.003390062,0.007952067,1.207291458,0.153891692,0.414167521,-0.031227164,-0.005500000,-0.005000000,-9.508500000,-0.030000000,-0.045000000,9.745000000,0.781250000,-0.375000000,-2376.281250056
1780380108.177757502,14.422946930,-533.988446557,190.362635575,-0.070460095,-0.003848767,0.001927938,0.567382851,0.823442876,-0.004150851,0.007542614,1.206645323,0.150655117,0.405503207,-0.037269019,-0.012000000,-0.010000000,-9.496500000,-0.030000000,-0.030000000,9.730000000,-0.375000000,-1.468750000,-2373.562500056
1780380108.277721167,14.522910595,-533.975948030,190.396284595,-0.073811301,-0.003998232,0.001649874,0.567170419,0.823589101,-0.004714422,0.007253058,1.206128089,0.155077333,0.417533895,-0.043457592,-0.007750000,0.004250000,-9.515250000,-0.095000000,-0.070000000,9.735000000,-0.937500000,0.166666667,-0.625000000
1780380108.377756596,14.622946024,-533.960960787,190.436651037,-0.078340190,-0.004166578,0.001354406,0.566915133,0.823764552,-0.005329045,0.006955672,1.205507118,0.153303735,0.412974166,-0.048442056,-0.004750000,-0.010500000,-9.516500000,-0.090000000,-0.040000000,9.775000000,-1.375000000,-0.812500000,-1583.416666584
1780380108.477818012,14.723007441,-533.946611165,190.475323753,-0.083142469,-0.004314428,0.001114741,0.566670179,0.823932674,-0.005846381,0.006726709,1.204911785,0.158575974,0.427496767,-0.054884997,-0.005000000,-0.015750000,9.488250000,-0.065000000,-0.090000000,9.725000000,-0.750000000,-1.687500000,2373.625000056
1780380108.577727318,14.822916746,-533.932275208,190.513985651,-0.088332645,-0.004447203,0.000921182,0.566424997,0.824100780,-0.006286502,0.006556355,1.204316280,0.124965119,0.337119305,-0.046511154,0.000250000,-0.006000000,-9.503250000,-0.105000000,-0.055000000,9.755000000,0.562500000,-0.375000000,-2372.156250056
1780380108.677773714,14.922963142,-533.914842455,190.561039286,-0.095074814,-0.004586408,0.000751142,0.566126281,0.824305425,-0.006710909,0.006431357,1.203591117,0.150736904,0.407042573,-0.059729061,0.000500000,0.003250000,9.493500000,-0.035000000,-0.115000000,9.730000000,-0.562500000,-0.875000000,1583.625000157
1780380108.777693510,15.022882938,-533.900538456,190.599680885,-0.100873540,-0.004680936,0.000666865,0.565880763,0.824473533,-0.006964082,0.006397372,1.202995304,0.154141717,0.416516268,-0.063286304,-0.019000000,0.002250000,-9.530250000,-0.050000000,-0.025000000,9.780000000,-1.062500000,-0.229166667,-1.937500000
1780380108.877746582,15.122936010,-533.885627505,190.639994747,-0.107085701,-0.004758951,0.000632969,0.565624449,0.824648976,-0.007133091,0.006427557,1.202373434,0.161475502,0.436686824,-0.067779631,0.015750000,-0.001500000,9.478250000,-0.045000000,-0.100000000,9.810000000,2.156250000,-0.781250000,2372.906250056
1780380108.977676630,15.222866058,-533.870110607,190.681981258,-0.113636632,-0.004816141,0.000656497,0.565357323,0.824831783,-0.007202918,0.006528727,1.201725459,0.153026393,0.414217707,-0.064717913,0.019250000,-0.002500000,9.473000000,-0.055000000,-0.065000000,9.760000000,1.958333333,-0.395833333,-1.458333333
1780380109.077685118,15.322874546,-533.854607652,190.723961765,-0.120168751,-0.004847481,0.000739352,0.565090036,0.825014670,-0.007163107,0.006698528,1.201077239,0.152296987,0.412537576,-0.063880591,-0.000500000,-0.001000000,9.490500000,-0.085000000,-0.090000000,9.795000000,1.062500000,-0.479166667,1582.854166584
1780380109.177671194,15.422860622,-533.839115925,190.765937182,-0.126581339,-0.004852590,0.000879702,0.564822544,0.825197657,-0.007015167,0.006933616,1.200428717,0.147308823,0.399204494,-0.060307998,0.021750000,0.017500000,-9.502500000,-0.060000000,-0.080000000,9.820000000,1.854166667,1.875000000,-0.500000000
1780380109.277883053,15.523072481,-533.823632598,190.807908425,-0.132776010,-0.004831749,0.001074734,0.564554778,0.825380762,-0.006762802,0.007229766,1.199779810,0.153891366,0.417193951,-0.060481837,-0.007250000,-0.006250000,9.498500000,-0.070000000,-0.115000000,9.855000000,-0.937500000,-1.187500000,2376.749999516
1780380109.377678633,15.622868061,-533.808154468,190.849876354,-0.138658044,-0.004785402,0.001320880,0.564286655,0.825564005,-0.006410828,0.007581691,1.199130429,0.150280497,0.407510810,-0.055688926,0.002250000,0.001500000,9.493500000,-0.075000000,-0.095000000,9.840000000,-0.479166667,-0.229166667,0.520833333
1780380109.477755547,15.722944975,-533.792677507,190.891841611,-0.144137874,-0.004713952,0.001613882,0.564018086,0.825747403,-0.005964776,0.007982912,1.198480488,0.154372800,0.418573603,-0.052849789,0.006750000,0.015500000,-9.504000000,-0.075000000,-0.065000000,9.865000000,0.125000000,3.687500000,-2373.406250056
1780380109.577788830,15.822978258,-533.777197372,190.933804790,-0.149132594,-0.004617990,0.001948647,0.563748980,0.825930969,-0.005431407,0.008425770,1.197829902,0.151465593,0.410506610,-0.046781835,0.007000000,0.006750000,-9.495750000,-0.090000000,-0.055000000,9.825000000,-1.343750000,1.000000000,-2371.500000056
1780380109.677731037,15.922920465,-533.762329730,190.974088147,-0.153401529,-0.004503804,0.002303753,0.563490043,0.826107366,-0.004845177,0.008882109,1.197204635,0.172875312,0.468252820,-0.047080621,0.003750000,-0.003250000,9.495750000,-0.030000000,-0.050000000,9.835000000,-0.218750000,-0.500000000,2374.937500056
1780380109.777723312,16.022912741,-533.746830702,191.016048804,-0.157236618,-0.004363562,0.002702228,0.563219623,0.826291301,-0.004167446,0.009381080,1.196552505,0.155107429,0.419740512,-0.035727111,-0.003000000,0.007000000,9.494000000,-0.080000000,-0.090000000,9.880000000,-1.187500000,-0.437500000,2376.218749516
1780380109.877876997,16.123066425,-533.734419833,191.049616632,-0.159817797,-0.004237019,0.003037316,0.563002730,0.826438593,-0.003583417,0.009791373,1.196030147,0.153452918,0.414869098,-0.029816961,0.021000000,0.003500000,9.488500000,-0.085000000,-0.055000000,9.855000000,3.656249999,-0.093750000,2373.156249517
1780380109.977672100,16.222861528,-533.721374594,191.084862172,-0.162033861,-0.004091657,0.003400450,0.562774430,0.826593393,-0.002937059,0.010227116,1.195480998,0.153909579,0.415654527,-0.023799428,0.022500000,0.000500000,-9.511750000,-0.105000000,-0.035000000,9.870000000,2.156250000,-0.187500000,-2374.312500056
1780380110.077764988,16.322954416,-533.708934853,191.118428493,-0.163654059,-0.003942486,0.003753240,0.562556450,0.826740958,-0.002296142,0.010641857,1.194957331,0.159014540,0.428878137,-0.018364778,0.013500000,-0.005250000,9.491750000,-0.120000000,-0.080000000,9.920000000,1.062500000,-1.093750000,2372.031250056
1780380110.177692890,16.422882318,-533.697100962,191.150315543,-0.164737189,-0.003792212,0.004091263,0.562348865,0.826881270,-0.001670087,0.011031293,1.194459216,0.143391875,0.386163391,-0.010966587,0.005500000,0.004750000,9.478250000,-0.135000000,-0.020000000,9.885000000,-0.593750000,0.437500000,2373.375000056
1780380110.277687073,16.522876501,-533.687122325,191.177167000,-0.165298722,-0.003660073,0.004375693,0.562173676,0.826999526,-0.001134033,0.011352829,1.194039254,0.019121377,0.051407339,-0.000785547,0.006750000,0.006250000,9.499250000,-0.125000000,-0.065000000,9.855000000,0.968750000,1.031250000,2375.250000056
1780380110.377916336,16.623105764,-533.674630209,191.210729963,-0.165546181,-0.003489007,0.004727798,0.561954213,0.827147470,-0.000458266,0.011742767,1.193513650,0.156412689,0.419931984,-0.000723696,0.012000000,0.001500000,9.492500000,-0.085000000,0.035000000,9.855000000,-0.031250000,-0.375000000,2375.750000056
1780380110.477689981,16.722879410,-533.658983218,191.252681075,-0.165146144,-0.003268252,0.005157194,0.561679174,0.827332598,0.000385543,0.012205151,1.192855608,0.156927525,0.420342359,0.007150821,0.008000000,0.007500000,9.473250000,-0.135000000,-0.035000000,9.885000000,-1.291666667,0.187500000,-0.875000000
1780380110.577666998,16.822856426,-533.646437957,191.286239324,-0.164265350,-0.003088044,0.005487687,0.561458619,0.827480857,0.001051707,0.012549860,1.192328343,0.155386485,0.415349917,0.013186957,0.007250000,0.002250000,-9.501250000,-0.120000000,-0.010000000,9.880000000,-0.687500000,-1.593750000,-2371.812500056
1780380110.677861691,16.923051119,-533.633866743,191.319794831,-0.162897683,-0.002906238,0.005802910,0.561237645,0.827629256,0.001703189,0.012867852,1.191800335,0.158141917,0.421791431,0.019447730,0.004750000,0.001250000,9.474750000,-0.105000000,0.010000000,9.885000000,0.729166667,0.354166667,-1.833333333
1780380110.777742386,17.022931814,-533.618114660,191.361734751,-0.160527879,-0.002678976,0.006170627,0.560960912,0.827814956,0.002487789,0.013222261,1.191139287,0.156395152,0.415938770,0.026333204,0.025750000,0.012750000,-9.503000000,-0.140000000,0.025000000,9.890000000,3.218750000,3.062500000,-2373.906250056
1780380110.877724409,17.122913837,-533.605481128,191.395282417,-0.158129350,-0.002499077,0.006440119,0.560739186,0.827963674,0.003084449,0.013467437,1.190609638,0.160420016,0.425626585,0.032480988,0.007500000,-0.001750000,9.491000000,-0.115000000,0.030000000,9.850000000,-0.750000000,0.375000000,1582.687500157
1780380110.977778435,17.222967863,-533.592818498,191.428825728,-0.155311653,-0.002322636,0.006684725,0.560517222,0.828112531,0.003647349,0.013675590,1.190079286,0.087709000,0.232138784,0.020545510,-0.002750000,0.004250000,9.494000000,-0.150000000,0.055000000,9.870000000,0.541666667,0.229166667,1584.250000158
1780380111.077805758,17.322995186,-533.580126138,191.462364093,-0.152104607,-0.002151297,0.006902027,0.560295083,0.828261525,0.004171083,0.013844531,1.189548252,0.158750039,0.419108209,0.041814679,0.016500000,-0.011250000,-9.506500000,-0.105000000,0.010000000,9.825000000,2.437500000,-1.812500000,-2374.249999516
1780380111.177757025,17.422946453,-533.564218092,191.504279121,-0.147599596,-0.001946686,0.007132142,0.560017257,0.828447956,0.004763273,0.013998030,1.188883545,0.161089173,0.423880924,0.047640810,0.000500000,-0.006750000,9.488750000,-0.135000000,0.025000000,9.860000000,-0.593750000,-0.906250000,2374.656250056
1780380111.277740002,17.522929430,-533.548262524,191.546184337,-0.142611258,-0.001755268,0.007313208,0.559739366,0.828634587,0.005278578,0.014085404,1.188217875,0.161937408,0.424739855,0.052337075,0.006500000,0.009750000,9.498000000,-0.100000000,0.030000000,9.825000000,1.343750000,1.843750000,2375.875000056
1780380111.377842426,17.623031855,-533.535463943,191.579700738,-0.138325671,-0.001613329,0.007421169,0.559517072,0.828784031,0.005630928,0.014106931,1.187684686,0.160841756,0.420773968,0.054908289,0.000500000,0.008750000,-9.493250000,-0.140000000,0.040000000,9.885000000,-0.166666667,0.791666667,-1580.874999918
1780380111.477671385,17.722860813,-533.522635023,191.613209569,-0.133824582,-0.001482700,0.007495416,0.559294845,0.828933590,0.005926799,0.014085403,1.187150959,0.158146742,0.412652063,0.056310260,-0.000250000,-0.013250000,9.488000000,-0.185000000,0.050000000,9.795000000,0.812500000,-1.562500000,2375.000000056
1780380111.577810764,17.823000193,-533.506556647,191.655084156,-0.127963888,-0.001337103,0.007540095,0.559017209,0.829120690,0.006213494,0.013998683,1.186483100,0.157356123,0.409307345,0.058122995,0.000250000,0.001250000,9.487500000,-0.130000000,0.060000000,9.840000000,0.020833333,0.875000000,0.062500000
1780380111.677674532,17.922863960,-533.493660286,191.688573889,-0.123144540,-0.001236121,0.007537198,0.558795258,0.829270476,0.006374002,0.013882675,1.185948308,0.167832128,0.435436779,0.063081157,0.004750000,-0.014500000,-9.515000000,-0.170000000,0.055000000,9.830000000,0.968750000,-1.437500000,-2377.062500056
1780380111.777729273,18.022918701,-533.477498761,191.730422887,-0.117034594,-0.001130715,0.007485873,0.558518040,0.829457824,0.006486882,0.013681907,1.185279246,0.166084814,0.429538245,0.062908624,0.003500000,0.001750000,9.504750000,-0.125000000,0.100000000,9.845000000,0.145833333,-0.041666667,1584.541666584
1780380111.877740145,18.122929573,-533.461292163,191.772256160,-0.110916230,-0.001049774,0.007383007,0.558241086,0.829645273,0.006501747,0.013423011,1.184609636,0.166103505,0.428204717,0.062444043,0.008750000,0.016500000,-9.501250000,-0.135000000,0.050000000,9.775000000,2.437500000,1.906250000,-2375.000000056
1780380111.977729321,18.222918749,-533.446994474,191.809055858,-0.105598440,-0.000999589,0.007251791,0.557997573,0.829810292,0.006434626,0.013151138,1.184019981,0.104876817,0.269599153,0.038637651,0.001500000,0.013500000,-9.495750000,-0.125000000,0.035000000,9.790000000,-0.437500000,0.958333333,1.708333333
1780380112.077807903,18.322997332,-533.432011786,191.847513887,-0.100175212,-0.000968837,0.007076279,0.557743185,0.829982848,0.006285816,0.012827457,1.183403193,0.109848060,0.281605634,0.039141396,-0.023750000,-0.002250000,9.480250000,-0.145000000,0.040000000,9.755000000,-2.562500000,-0.343750000,2375.968750056
1780380112.177712917,18.422902346,-533.415687402,191.889298889,-0.094516478,-0.000961017,0.006844487,0.557466858,0.830170423,0.006036036,0.012435972,1.182732445,0.120504334,0.308108518,0.040864749,-0.007250000,-0.004250000,9.497750000,-0.100000000,0.110000000,9.740000000,-0.343750000,0.718750000,2375.531249516
1780380112.277687311,18.522876740,-533.402599482,191.922713373,-0.090220712,-0.000974146,0.006631119,0.557245905,0.830320469,0.005773075,0.012097880,1.182195661,0.164192198,0.418865665,0.052762536,0.001250000,-0.003500000,-9.501000000,-0.110000000,0.075000000,9.750000000,0.687500000,-0.125000000,-2373.156250056
1780380112.377694845,18.622884274,-533.386205894,191.964464191,-0.085205195,-0.001014601,0.006333671,0.556969796,0.830507978,0.005370450,0.011650797,1.181524502,0.166697397,0.424101281,0.049198338,-0.009750000,-0.011000000,9.473250000,-0.150000000,0.045000000,9.765000000,-0.020833333,0.000000000,1582.499999917
1780380112.477676868,18.722866297,-533.369776266,192.006195163,-0.080649538,-0.001081263,0.006007147,0.556693727,0.830695395,0.004892207,0.011184317,1.180853220,0.167000574,0.423723625,0.044236675,-0.012500000,-0.009750000,-9.499500000,-0.125000000,0.080000000,9.745000000,-0.916666667,-0.583333333,-0.125000000
1780380112.577758789,18.822948217,-533.353313016,192.047906047,-0.076617346,-0.001173179,0.005657423,0.556417631,0.830882685,0.004346495,0.010707069,1.180181880,0.165759815,0.419536384,0.038318952,0.005750000,-0.001500000,-9.500250000,-0.085000000,0.075000000,9.800000000,-0.229166667,0.833333333,-1582.854166584
1780380112.677721500,18.922910929,-533.337478857,192.087929430,-0.073290006,-0.001284039,0.005305568,0.556152501,0.831062331,0.003767383,0.010246939,1.179537392,0.166284207,0.419918552,0.032595506,0.007250000,0.008750000,9.484000000,-0.115000000,0.005000000,9.740000000,1.958333334,2.020833334,-0.145833333
1780380112.777757406,19.022946835,-533.320956511,192.129600486,-0.070434477,-0.001421646,0.004928377,0.555876195,0.831249268,0.003115805,0.009774094,1.178866113,0.167835656,0.422949241,0.026366130,-0.007250000,-0.021750000,9.499250000,-0.100000000,0.040000000,9.760000000,-1.104166667,0.000000000,1583.187500157
1780380112.877771616,19.122961044,-533.306394486,192.166254088,-0.068465215,-0.001560034,0.004592465,0.555632912,0.831413581,0.002509496,0.009370225,1.178275494,0.167636124,0.421638681,0.020338156,0.000250000,-0.021750000,-9.499500000,-0.115000000,0.000000000,9.700000000,-1.125000000,-2.437500000,-2373.093750056
1780380112.977732182,19.222921610,-533.287833739,192.212881534,-0.066723882,-0.001757178,0.004166805,0.555323066,0.831622416,0.001705296,0.008882136,1.177524003,0.165728752,0.415959142,0.012346987,0.010500000,-0.007750000,-9.509500000,-0.095000000,0.020000000,9.735000000,1.604166667,0.875000000,-0.270833333
1780380113.077803373,19.322992802,-533.271238435,192.254492164,-0.065909251,-0.001950563,0.003795243,0.555046210,0.831808569,0.000968115,0.008479238,1.176853291,0.166885064,0.418144958,0.005360912,0.002500000,-0.008750000,-9.520500000,-0.080000000,0.025000000,9.760000000,2.416666667,-0.875000000,-1584.187499917
1780380113.177664042,19.422853470,-533.254624354,192.296083753,-0.065797466,-0.002157592,0.003438066,0.554769158,0.831994415,0.000224464,0.008114924,1.176182871,0.170934679,0.427677005,-0.001733361,0.010250000,-0.003250000,-9.514500000,-0.075000000,0.005000000,9.705000000,2.437500000,-2.500000000,-2377.562500056
1780380113.277681828,19.522871256,-533.238659088,192.335994291,-0.066345398,-0.002366671,0.003114007,0.554503025,0.832172516,-0.000485520,0.007807515,1.175539603,0.160648131,0.401410436,-0.008038104,-0.006500000,0.013500000,-9.515750000,-0.075000000,-0.055000000,9.740000000,1.156250000,3.968750000,-2376.187500056
1780380113.377846718,19.623036146,-533.222014860,192.377550692,-0.067582473,-0.002592388,0.002801220,0.554225661,0.832357705,-0.001210607,0.007536843,1.174869921,0.170645608,0.425876510,-0.015410072,-0.000750000,0.001250000,-9.513000000,-0.080000000,-0.035000000,9.750000000,0.729166667,1.083333333,-0.083333333
1780380113.477727413,19.722916842,-533.205358461,192.419090581,-0.069473092,-0.002823232,0.002518453,0.553948194,0.832542542,-0.001910788,0.007321352,1.174200692,0.165916053,0.413598675,-0.021350672,0.001250000,0.006750000,-9.499250000,-0.090000000,-0.020000000,9.765000000,0.458333333,1.354166667,-1582.062499918
1780380113.577705145,19.822894573,-533.194026395,192.447328971,-0.071113954,-0.002981522,0.002345533,0.553759479,0.832668030,-0.002367578,0.007208255,1.173745894,0.166893718,0.415778817,-0.025607961,-0.000250000,0.001750000,9.482000000,-0.090000000,-0.040000000,9.730000000,2.031250000,-0.656250000,2371.749999517
1780380113.677746296,19.922935724,-533.184024564,192.472239860,-0.072788118,-0.003121125,0.002207100,0.553592951,0.832778621,-0.002754817,0.007131777,1.173344790,0.075083807,0.186963410,-0.013081637,0.003500000,-0.000250000,9.498250000,-0.070000000,-0.020000000,9.760000000,0.781250000,-0.718750000,2375.062499516
1780380113.777793646,20.022983074,-533.170684562,192.505446909,-0.075331336,-0.003306014,0.002044373,0.553370915,0.832925880,-0.003244823,0.007064584,1.172810288,0.169007595,0.420598054,-0.033839448,-0.002750000,-0.007250000,9.497000000,-0.070000000,-0.050000000,9.770000000,1.937500000,-1.906250000,2376.031249516
1780380113.877713203,20.122902632,-533.154004025,192.546944900,-0.078970575,-0.003532878,0.001878024,0.553093402,0.833109645,-0.003809208,0.007037281,1.172142660,0.180212252,0.448210114,-0.041384754,-0.005750000,0.002750000,-9.510500000,-0.060000000,-0.090000000,9.705000000,0.791666667,0.979166667,-1584.000000158
1780380113.977814198,20.223003626,-533.140656175,192.580135747,-0.082212399,-0.003709054,0.001775907,0.552871439,0.833256420,-0.004217608,0.007060891,1.171608965,0.124326900,0.309089870,-0.031141043,-0.012500000,0.001750000,9.481750000,-0.060000000,-0.055000000,9.785000000,-0.843750000,0.375000000,2374.156250056
1780380114.077736616,20.322926044,-533.127305686,192.613320771,-0.085711553,-0.003878861,0.001702102,0.552649536,0.833402993,-0.004584110,0.007124436,1.171075639,0.166220503,0.413096034,-0.044666692,-0.005000000,0.022250000,9.489500000,-0.095000000,-0.075000000,9.795000000,-0.906250000,2.625000000,2374.468750056
1780380114.177757502,20.422946930,-533.113952856,192.646500849,-0.089432223,-0.004040815,0.001657006,0.552427702,0.833549375,-0.004905833,0.007226971,1.170542683,0.171781767,0.426785235,-0.048824865,-0.007000000,0.003750000,9.483250000,-0.070000000,-0.070000000,9.780000000,-2.281250000,3.000000000,2374.125000056
1780380114.277676582,20.522866011,-533.100597810,192.679676860,-0.093336898,-0.004193492,0.001640695,0.552205945,0.833695578,-0.005180352,0.007367089,1.170010092,0.086531937,0.214925471,-0.025689515,-0.004250000,0.003500000,-9.506750000,-0.055000000,-0.100000000,9.800000000,-0.875000000,-0.395833333,-1583.104166824
1780380114.377839565,20.623028994,-533.087240487,192.712849667,-0.097386764,-0.004335557,0.001652922,0.551984264,0.833841618,-0.005405742,0.007542941,1.169477859,0.164520096,0.408523033,-0.050440067,0.016750000,0.008750000,9.500500000,-0.040000000,-0.095000000,9.780000000,2.156250000,-0.406250000,2377.531249516
1780380114.477818727,20.723008156,-533.070540388,192.754312501,-0.102592714,-0.004496329,0.001707466,0.551707259,0.834023961,-0.005616251,0.007809529,1.168813044,0.167778795,0.416521972,-0.052771447,-0.004750000,0.008250000,9.487000000,-0.085000000,-0.115000000,9.790000000,1.531250000,1.468750000,2372.312500056
1780380114.577819109,20.823008537,-533.060517847,192.779188967,-0.105762707,-0.004583016,0.001760452,0.551541103,0.834133268,-0.005703983,0.007992431,1.168414404,0.166008973,0.411999647,-0.052620669,-0.002250000,0.003000000,-9.503250000,-0.090000000,-0.090000000,9.805000000,0.000000000,0.625000000,-1583.958333251
1780380114.677800417,20.922989845,-533.043809441,192.820649028,-0.111068851,-0.004709755,0.001880987,0.551264223,0.834315310,-0.005785233,0.008331407,1.167750364,0.164314452,0.407681123,-0.052144290,0.004750000,-0.003750000,9.508500000,-0.050000000,-0.120000000,9.815000000,-0.656250000,-0.531250000,2377.218750056
1780380114.777791023,21.022980452,-533.030437606,192.853816988,-0.115289412,-0.004794224,0.002004755,0.551042741,0.834460840,-0.005792021,0.008629530,1.167219435,0.174169485,0.431979677,-0.054733808,-0.010750000,0.011250000,9.493000000,-0.110000000,-0.060000000,9.815000000,-0.718750000,-1.312500000,2373.750000056
1780380114.877796888,21.122986317,-533.020405065,192.878693272,-0.118414892,-0.004847202,0.002112419,0.550876626,0.834569940,-0.005763553,0.008866460,1.166821394,0.165359794,0.409962889,-0.051260461,0.010000000,-0.001500000,9.494750000,-0.075000000,-0.070000000,9.820000000,1.000000000,-0.468750000,2375.750000056
1780380114.977676630,21.222866058,-533.003676531,192.920155291,-0.123500417,-0.004914893,0.002317754,0.550599720,0.834751712,-0.005653396,0.009281908,1.166158226,0.174022517,0.431230946,-0.052107900,-0.007500000,0.013000000,-9.504500000,-0.120000000,-0.065000000,9.815000000,-0.718750000,1.031250000,-2374.531249516
1780380115.077727556,21.322916985,-532.986935925,192.961619749,-0.128369750,-0.004956074,0.002551784,0.550322705,0.834933438,-0.005467660,0.009716173,1.165495288,0.165090924,0.408806041,-0.046991321,-0.000000000,0.006000000,9.488000000,-0.085000000,-0.040000000,9.850000000,0.250000000,1.062500000,1582.625000157
1780380115.177686214,21.422875643,-532.973532928,192.994793450,-0.132064320,-0.004969521,0.002756602,0.550100976,0.835078811,-0.005267356,0.010071607,1.164965046,0.166873579,0.412942082,-0.045052626,-0.006250000,0.031250000,9.495500000,-0.025000000,-0.075000000,9.825000000,-0.895833333,2.125000000,1583.083333491
1780380115.277729273,21.522918701,-532.957435044,193.034604774,-0.136213662,-0.004962517,0.003019262,0.549834715,0.835253281,-0.004970022,0.010501017,1.164328804,0.173101599,0.427951832,-0.043163485,0.005500000,0.000250000,-9.502500000,-0.120000000,-0.070000000,9.840000000,0.750000000,-0.968750000,-2375.000000056
1780380115.377749205,21.622938633,-532.946693322,193.061147484,-0.138784287,-0.004943812,0.003202521,0.549657071,0.835369623,-0.004739538,0.010785590,1.163904632,0.181534562,0.448482004,-0.042465501,0.014750000,0.017750000,9.486250000,-0.120000000,-0.070000000,9.865000000,0.583333333,1.687500000,1582.875000157
1780380115.477674961,21.722864389,-532.929891526,193.102623311,-0.142451108,-0.004892329,0.003498210,0.549379247,0.835551477,-0.004332184,0.011221593,1.163241776,0.164488318,0.405820078,-0.034119151,0.006750000,0.004750000,-9.495000000,-0.135000000,-0.030000000,9.830000000,0.583333333,1.687500000,0.687500000
1780380115.577731848,21.822921276,-532.916432994,193.135806425,-0.145050991,-0.004831933,0.003739881,0.549156736,0.835697041,-0.003968778,0.011558049,1.162711349,0.106624420,0.262764487,-0.019665239,0.012250000,-0.005000000,9.487250000,-0.100000000,-0.065000000,9.865000000,-0.500000000,-0.281250000,2375.468750056
1780380115.677727461,21.922916889,-532.899585805,193.177287854,-0.147851542,-0.004733239,0.004043888,0.548878256,0.835879120,-0.003473881,0.011956632,1.162048060,0.110270773,0.271325633,-0.016965222,0.013250000,0.005000000,-9.501000000,-0.140000000,-0.085000000,9.830000000,1.416666667,-0.062500000,-1582.270833251
1780380115.777808189,22.022997618,-532.886087380,193.210474695,-0.149713081,-0.004636473,0.004285372,0.548655180,0.836024899,-0.003050264,0.012253312,1.161517160,0.167184467,0.410798101,-0.021437742,-0.001500000,0.006250000,9.475750000,-0.150000000,-0.045000000,9.880000000,-1.625000000,1.281250000,2371.562500056
1780380115.877815485,22.123004913,-532.869186357,193.251959614,-0.151546522,-0.004494529,0.004580797,0.548375959,0.836207285,-0.002492918,0.012590707,1.160853122,0.169910497,0.416758563,-0.016176443,-0.003250000,0.002500000,-9.505500000,-0.095000000,-0.010000000,9.895000000,-2.000000000,0.343750000,-2375.343750056
1780380115.977734566,22.222923994,-532.852251856,193.293444962,-0.152817167,-0.004330962,0.004864526,0.548096320,0.836389863,-0.001912447,0.012885206,1.160188553,0.169143786,0.414035894,-0.010410833,-0.006500000,-0.001000000,9.483500000,-0.110000000,-0.050000000,9.845000000,-0.333333333,-0.666666667,1582.333333251
1780380116.077830315,22.323019743,-532.835281439,193.334929341,-0.153517646,-0.004147879,0.005131971,0.547816278,0.836572641,-0.001317363,0.013131462,1.159523388,0.169234060,0.413312461,-0.004703466,-0.001250000,0.012250000,-9.513750000,-0.115000000,0.005000000,9.870000000,-1.500000000,1.979166667,-1.875000000
1780380116.177829981,22.423019409,-532.818273514,193.376411446,-0.153649089,-0.003947600,0.005378963,0.547535851,0.836755624,-0.000716067,0.013325054,1.158857559,0.171787605,0.418578417,0.000953572,0.002250000,-0.004250000,-9.499500000,-0.090000000,-0.020000000,9.885000000,0.145833333,-1.083333333,-1582.395833491
1780380116.277682543,22.522871971,-532.801226773,193.417889837,-0.153220909,-0.003732682,0.005601784,0.547255067,0.836938814,-0.000116854,0.013462566,1.158191011,0.172713290,0.419852683,0.006563710,0.007500000,-0.006000000,9.490500000,-0.160000000,-0.030000000,9.865000000,-0.416666667,-0.208333333,0.458333333
1780380116.377886534,22.623075962,-532.784823760,193.457703862,-0.152299397,-0.003515209,0.005789935,0.546985220,0.837114860,0.000448792,0.013539629,1.157550431,0.166904759,0.404744842,0.011331708,0.005250000,0.002250000,-9.489250000,-0.150000000,0.040000000,9.860000000,-2.500000000,-0.562500000,-2370.062500056
1780380116.477679968,22.722869396,-532.768382629,193.497511260,-0.150899933,-0.003289421,0.005950475,0.546715122,0.837291077,0.000998117,0.013561728,1.156909150,0.151086336,0.365463469,0.014529534,0.006250000,0.011750000,-9.490250000,-0.130000000,-0.015000000,9.870000000,-0.937500000,2.406250000,-2373.062500056
1780380116.577721596,22.822911024,-532.752590052,193.535652265,-0.149135915,-0.003067747,0.006076700,0.546456083,0.837460096,0.001503206,0.013531179,1.156293932,0.171640735,0.414113798,0.020841279,0.024250000,0.003750000,-9.502000000,-0.140000000,0.030000000,9.825000000,1.479166667,-0.833333333,-0.583333333
1780380116.677715540,22.922904968,-532.735383768,193.577099810,-0.146783549,-0.002823767,0.006181889,0.546174341,0.837643958,0.002022339,0.013441387,1.155624482,0.171190758,0.411937131,0.025089376,-0.008750000,-0.005000000,-9.506000000,-0.100000000,-0.010000000,9.835000000,-1.354166667,-0.687500000,-1582.624999917
1780380116.777672529,23.022861958,-532.718134871,193.618534957,-0.144019819,-0.002579775,0.006252855,0.545892462,0.837827946,0.002504182,0.013294585,1.154954296,0.173202910,0.415618482,0.029264503,-0.018750000,-0.025000000,9.488750000,-0.140000000,0.025000000,9.830000000,-2.833333334,-3.333333334,-1.250000000
1780380116.877719879,23.122909307,-532.702228028,193.656642685,-0.141154730,-0.002358069,0.006287669,0.545633050,0.837997303,0.002909663,0.013111757,1.154337113,0.195865711,0.468784898,0.036619320,0.013750000,0.000750000,9.491500000,-0.125000000,0.025000000,9.870000000,-1.291666667,1.500000000,1584.104166584
1780380116.977877378,23.223066807,-532.685591600,193.696393085,-0.137880188,-0.002132237,0.006293184,0.545362303,0.838174091,0.003290037,0.012875607,1.153692495,0.181565206,0.433380355,0.036842106,-0.012250000,-0.004250000,-9.490750000,-0.125000000,0.040000000,9.835000000,-2.187500000,0.458333333,2.125000000
1780380117.077730894,23.322920322,-532.668221181,193.737782780,-0.134211159,-0.001905878,0.006266335,0.545080241,0.838358295,0.003635989,0.012584913,1.153020414,0.170327107,0.405407850,0.036846414,-0.008750000,-0.011250000,9.500000000,-0.135000000,0.005000000,9.800000000,-3.343750000,0.406250000,2374.281250056
1780380117.177670717,23.422860146,-532.650809329,193.779153410,-0.130334871,-0.001691556,0.006207659,0.544798171,0.838542519,0.003927264,0.012254192,1.152347785,0.179636620,0.426319907,0.040663761,0.003250000,0.005250000,9.501000000,-0.130000000,0.010000000,9.875000000,-0.812500000,-0.562500000,2374.781250056
1780380117.277671337,23.522860765,-532.638946132,193.807273849,-0.127610288,-0.001554128,0.006150594,0.544606366,0.838667789,0.004092817,0.012009674,1.151890113,0.181936396,0.430955970,0.042076544,-0.005750000,0.004750000,-9.504750000,-0.140000000,0.030000000,9.770000000,-0.562500000,-0.104166667,-1583.541666584
1780380117.377810240,23.622999668,-532.624966112,193.840344132,-0.124341715,-0.001402353,0.006066861,0.544380718,0.838815153,0.004253038,0.011705045,1.151351407,0.077878639,0.184062362,0.018304294,-0.005250000,0.003250000,9.506750000,-0.105000000,-0.000000000,9.815000000,-0.812500000,0.468750000,2378.000000056
1780380117.477724075,23.722913504,-532.608157259,193.880009530,-0.120369579,-0.001236104,0.005944605,0.544109950,0.838991952,0.004395170,0.011320347,1.150704628,0.158595917,0.373842724,0.037546433,-0.005500000,-0.008500000,9.484750000,-0.115000000,0.055000000,9.800000000,-3.437500000,-1.250000000,2375.062500056
1780380117.577683926,23.822873354,-532.593420984,193.914699115,-0.116887338,-0.001106343,0.005820208,0.543873033,0.839146605,0.004474426,0.010971656,1.150138438,0.174598836,0.410669914,0.041162527,-0.000500000,-0.009750000,9.498250000,-0.125000000,0.055000000,9.830000000,0.375000000,1.437500000,2373.718750056
1780380117.677690744,23.922880173,-532.582878829,193.939466803,-0.114415865,-0.001023390,0.005722556,0.543703812,0.839257034,0.004505250,0.010718437,1.149733901,0.175256320,0.411512427,0.040949322,0.008750000,-0.011250000,9.492750000,-0.130000000,0.035000000,9.815000000,-0.968750000,-0.250000000,2374.718750056
1780380117.777667761,24.022857189,-532.568802579,193.972476523,-0.111164131,-0.000926129,0.005582506,0.543478179,0.839404221,0.004513405,0.010378807,1.149194380,0.185384829,0.434373904,0.042483957,-0.008250000,-0.007000000,9.481250000,-0.110000000,0.040000000,9.770000000,-2.312500000,-1.406250000,2373.656250056
1780380117.877673388,24.122862816,-532.554703762,194.005469932,-0.107987062,-0.000844911,0.005432979,0.543252536,0.839551339,0.004484509,0.010040699,1.148654734,0.077148273,0.180389502,0.017189201,-0.018250000,0.005500000,-9.520500000,-0.100000000,0.030000000,9.795000000,-0.812500000,1.708333333,-1584.666666584
1780380117.977753878,24.222943306,-532.540583006,194.038446706,-0.104910541,-0.000780448,0.005275993,0.543026877,0.839698378,0.004419552,0.009708246,1.148114993,0.179777019,0.419499231,0.038595384,-0.008000000,-0.004500000,9.481250000,-0.085000000,0.075000000,9.785000000,-0.500000000,1.562500000,2375.750000056
1780380118.077759743,24.322949171,-532.522902321,194.079643972,-0.101243218,-0.000724278,0.005072420,0.542744764,0.839882056,0.004289641,0.009306800,1.147440219,0.177849350,0.414006321,0.035970692,0.003250000,-0.007500000,9.496250000,-0.085000000,0.055000000,9.770000000,0.145833333,-0.791666667,1.229166667
1780380118.177708864,24.422898293,-532.508734516,194.112582522,-0.098479318,-0.000699398,0.004906207,0.542519036,0.840028890,0.004148572,0.009001706,1.146900360,0.174023242,0.404309962,0.033172393,-0.004250000,-0.004000000,9.481500000,-0.070000000,0.040000000,9.735000000,-0.375000000,0.145833333,-1.229166667
1780380118.277717829,24.522907257,-532.494546822,194.145503918,-0.095888561,-0.000692616,0.004739254,0.542293265,0.840175621,0.003976454,0.008714924,1.146360485,0.176312330,0.408847849,0.031322712,-0.004000000,-0.013750000,-9.509500000,-0.065000000,0.045000000,9.835000000,-0.812500000,-1.781250000,-2376.437500056
1780380118.377784252,24.622973680,-532.480339858,194.178408174,-0.093489141,-0.000704037,0.004573585,0.542067446,0.840322242,0.003775291,0.008449941,1.145820616,0.185404185,0.429131572,0.030315039,0.019250000,-0.009500000,-9.501750000,-0.070000000,0.025000000,9.765000000,4.937500000,-1.750000000,-2375.625000056
1780380118.477735996,24.722925425,-532.462555123,194.219514621,-0.090783135,-0.000743809,0.004371291,0.541785094,0.840505355,0.003486371,0.008154246,1.145145815,0.181230691,0.418525515,0.026170435,-0.001750000,-0.009250000,-9.502750000,-0.100000000,0.065000000,9.760000000,-0.593750000,1.218750000,-2374.312500056
1780380118.577665567,24.822854996,-532.448306995,194.252380817,-0.088869388,-0.000795784,0.004215547,0.541559148,0.840651702,0.003228090,0.007949625,1.144606027,0.118572535,0.273346707,0.015198869,-0.000750000,0.002750000,9.492000000,-0.090000000,0.000000000,9.770000000,0.895833333,0.416666667,1582.583333251
1780380118.677791119,24.922980547,-532.431186377,194.291798520,-0.086884024,-0.000881205,0.004038452,0.541287936,0.840827143,0.002890140,0.007745328,1.143958364,0.166554807,0.383145612,0.017892790,-0.002250000,0.005000000,-9.503750000,-0.095000000,0.020000000,9.730000000,-0.312500000,3.656250000,-2374.593750056
1780380118.777732611,25.022922039,-532.415471023,194.327911008,-0.085373732,-0.000980863,0.003887694,0.541039255,0.840987781,0.002557078,0.007600450,1.143364781,0.173544059,0.398502973,0.015383932,-0.007000000,0.017000000,9.486500000,-0.075000000,-0.045000000,9.785000000,-0.250000000,2.406250000,2373.687500056
1780380118.877678871,25.122868299,-532.398305060,194.367285281,-0.084072905,-0.001111676,0.003738176,0.540767889,0.841162815,0.002172833,0.007491217,1.142717360,0.178958269,0.410158963,0.012046339,-0.013000000,-0.007750000,-9.499250000,-0.085000000,0.025000000,9.785000000,-1.145833333,-0.916666667,-1582.104166824
1780380118.977669716,25.222859144,-532.380400143,194.408277647,-0.083107772,-0.001270904,0.003601184,0.540485139,0.841344894,0.001754285,0.007433553,1.142043129,0.182309626,0.417092028,0.008198214,-0.009000000,0.001750000,9.495250000,-0.030000000,0.025000000,9.765000000,0.093750000,0.375000000,2375.656250056
1780380119.077885866,25.323075294,-532.366059124,194.441055796,-0.082622443,-0.001413870,0.003506642,0.540258894,0.841490363,0.001409512,0.007429390,1.141503889,0.178251893,0.407216151,0.004847282,0.005500000,-0.010500000,9.493250000,-0.050000000,-0.015000000,9.735000000,1.656250000,0.625000000,2374.531250056
1780380119.177729845,25.422919273,-532.351703442,194.473820838,-0.082389667,-0.001569433,0.003426327,0.540032617,0.841635652,0.001058905,0.007462597,1.140964789,0.183108228,0.417724069,0.001770982,-0.018500000,-0.005500000,9.496500000,-0.055000000,-0.020000000,9.780000000,-1.729166667,-0.854166667,0.458333333
1780380119.277712584,25.522902012,-532.337333441,194.506573621,-0.082405055,-0.001736326,0.003360798,0.539806315,0.841780751,0.000705169,0.007532742,1.140425842,0.185321996,0.422202911,-0.001381928,0.001500000,0.005500000,-9.506500000,-0.095000000,0.005000000,9.775000000,1.312500000,-0.687500000,-2373.843749516
1780380119.377722263,25.622911692,-532.319351399,194.547498823,-0.082763428,-0.001958774,0.003300204,0.539523416,0.841961849,0.000262657,0.007670976,1.139752390,0.183437082,0.417231279,-0.005157720,-0.003250000,-0.012000000,-9.501750000,-0.060000000,-0.015000000,9.750000000,1.250000000,-0.250000000,-2373.968749516
1780380119.477856874,25.723046303,-532.301347628,194.588408055,-0.083483133,-0.002193964,0.003263455,0.539240515,0.842142627,-0.000175693,0.007862820,1.139079231,0.206938884,0.469911624,-0.009875612,-0.008500000,-0.001000000,-9.491000000,-0.095000000,-0.000000000,9.780000000,0.093750000,0.218750000,-2374.500000056
1780380119.577858925,25.823048353,-532.282601512,194.630939071,-0.084592971,-0.002448779,0.003250270,0.538946310,0.842330288,-0.000621939,0.008115212,1.138379473,0.210991623,0.478415055,-0.014015298,0.002000000,-0.005000000,9.497750000,-0.035000000,-0.020000000,9.765000000,0.781250000,-3.406250000,2376.000000056
1780380119.677754164,25.922943592,-532.264555309,194.671822382,-0.085982774,-0.002700344,0.003260889,0.538663450,0.842510393,-0.001037129,0.008403918,1.137706971,0.214473228,0.485660466,-0.017868258,-0.009250000,-0.010500000,9.479000000,-0.065000000,-0.070000000,9.775000000,0.218750000,-0.875000000,2372.593750056
1780380119.777746439,26.022935867,-532.246488117,194.712695950,-0.087661508,-0.002955067,0.003293100,0.538380639,0.842690163,-0.001434584,0.008732138,1.137034839,0.186749200,0.422240055,-0.018465895,-0.002750000,0.003000000,-9.501000000,-0.100000000,0.010000000,9.740000000,-1.156250000,-0.281250000,-2375.437500056
1780380119.877719879,26.122909307,-532.228400234,194.753562000,-0.089599630,-0.003209592,0.003345295,0.538097886,0.842869606,-0.001810419,0.009093569,1.136363093,0.179527498,0.405380795,-0.020182475,-0.010500000,0.010500000,-9.501750000,-0.115000000,-0.065000000,9.800000000,-0.718750000,-0.312500000,-2373.624999516
1780380119.977791071,26.222980499,-532.213915079,194.786250867,-0.091315781,-0.003410815,0.003400110,0.537871731,0.843012934,-0.002093170,0.009401973,1.135825984,0.152668683,0.344382298,-0.018618653,-0.000750000,0.027500000,9.492500000,-0.090000000,-0.060000000,9.770000000,0.656250000,2.781250000,2373.750000056
1780380120.077743769,26.322933197,-532.195789901,194.827108654,-0.093640488,-0.003656557,0.003483013,0.537589102,0.843191826,-0.002421616,0.009805304,1.135154974,0.143179152,0.322584522,-0.018955509,-0.011000000,0.003500000,9.487500000,-0.060000000,-0.010000000,9.810000000,-1.250000000,0.343750000,2373.343750056
1780380120.177819490,26.423008919,-532.177643464,194.867964465,-0.096133207,-0.003892844,0.003579488,0.537306551,0.843370443,-0.002719799,0.010221148,1.134484394,0.169063242,0.380468983,-0.023763152,-0.007250000,0.021500000,-9.502000000,-0.120000000,-0.045000000,9.835000000,0.343750000,2.031250000,-2373.843750056
1780380120.277748346,26.522937775,-532.159475100,194.908819912,-0.098759802,-0.004116547,0.003686737,0.537024082,0.843548812,-0.002985456,0.010641456,1.133814260,0.181723087,0.408433419,-0.026711396,-0.013750000,0.003000000,-9.493500000,-0.085000000,-0.050000000,9.775000000,-2.437500000,2.500000000,-2372.625000056
1780380120.377746105,26.622935534,-532.141284654,194.949676703,-0.101486146,-0.004324620,0.003801847,0.536741691,0.843726971,-0.003216579,0.011058075,1.133144567,0.184071403,0.413224505,-0.027895072,0.003250000,0.013000000,9.483500000,-0.125000000,-0.050000000,9.835000000,-0.781250000,0.343750000,2372.906249517
1780380120.477771044,26.722960472,-532.123071916,194.990536334,-0.104278576,-0.004514207,0.003921820,0.536459369,0.843904963,-0.003411560,0.011462915,1.132475298,0.181674042,0.407403841,-0.028026009,-0.011250000,0.002500000,9.493000000,-0.145000000,-0.010000000,9.825000000,0.406250000,0.687500000,2375.875000056
1780380120.577738762,26.822928190,-532.101916105,195.037938344,-0.107557378,-0.004707592,0.004063051,0.536131957,0.844111281,-0.003591062,0.011907398,1.131699470,0.195948838,0.438814667,-0.030406612,-0.005500000,0.006750000,-9.514500000,-0.105000000,-0.015000000,9.820000000,-0.875000000,1.531250000,-2376.250000056
1780380120.677700043,26.922889471,-532.083652412,195.078807155,-0.110382294,-0.004848818,0.004183173,0.535849766,0.844289061,-0.003704791,0.012260397,1.131031086,0.180374189,0.403416432,-0.027799356,-0.001500000,-0.002750000,-9.506250000,-0.155000000,-0.085000000,9.805000000,0.968750000,-0.500000000,-2374.250000056
1780380120.777733088,27.022922516,-532.066096502,195.118046294,-0.113063625,-0.004960180,0.004294297,0.535578900,0.844459707,-0.003777783,0.012566188,1.130389774,0.194953317,0.435517435,-0.029559604,-0.015750000,0.011750000,-9.501250000,-0.140000000,-0.015000000,9.810000000,-1.520833333,1.187500000,1.229166667
1780380120.877789021,27.122978449,-532.051449077,195.150749504,-0.115257041,-0.005033770,0.004382016,0.535353199,0.844601925,-0.003811533,0.012792157,1.129855578,0.183269646,0.409013602,-0.027215137,0.012750000,0.000000000,9.483000000,-0.150000000,-0.085000000,9.810000000,1.125000000,1.093750000,2373.531250056
1780380120.977687597,27.222877026,-532.036051692,195.185091651,-0.117504369,-0.005091425,0.004467852,0.535116223,0.844751291,-0.003820667,0.012997821,1.129294875,0.181764657,0.405227407,-0.026222256,-0.002750000,0.002250000,-9.505500000,-0.125000000,-0.070000000,9.810000000,-0.645833333,-0.708333333,-1584.645833491
1780380121.077685833,27.322875261,-532.021370773,195.217802054,-0.119578619,-0.005127043,0.004542452,0.534890531,0.844893602,-0.003804522,0.013160970,1.128761031,0.186740125,0.415892975,-0.026031041,-0.006500000,-0.018250000,9.477000000,-0.145000000,-0.095000000,9.845000000,-1.812500000,-1.500000000,2372.656250056
1780380121.177716017,27.422905445,-532.010349275,195.242337038,-0.121084943,-0.005141150,0.004593200,0.534721256,0.845000384,-0.003776726,0.013261065,1.128360733,0.193606778,0.430847823,-0.026185836,0.013250000,-0.013000000,-9.513250000,-0.120000000,-0.010000000,9.800000000,-0.145833333,-2.312500000,0.625000000
1780380121.277730942,27.522920370,-531.995638967,195.275052790,-0.123019033,-0.005142985,0.004653189,0.534495542,0.845142836,-0.003719237,0.013363422,1.127827097,0.087929575,0.195467500,-0.011353821,-0.002250000,0.003250000,-9.511250000,-0.120000000,-0.055000000,9.825000000,-1.083333333,-0.520833333,-0.229166667
1780380121.377771139,27.622960567,-531.980911588,195.307771017,-0.124859273,-0.005125296,0.004703739,0.534269802,0.845285387,-0.003638881,0.013428990,1.127293538,0.188939366,0.419553020,-0.023120627,0.023750000,-0.007000000,9.482000000,-0.145000000,-0.060000000,9.830000000,3.125000000,-0.500000000,2374.187500056
1780380121.477705956,27.722895384,-531.962477963,195.348671343,-0.127014329,-0.005075828,0.004752761,0.533987576,0.845463728,-0.003507351,0.013457839,1.126626651,0.180996259,0.401349852,-0.020480941,0.012500000,0.001500000,-9.506500000,-0.135000000,-0.035000000,9.850000000,-0.208333333,0.229166667,-1583.520833251
1780380121.577767372,27.822956800,-531.947711612,195.381392923,-0.128612839,-0.005014619,0.004780177,0.533761739,0.845606533,-0.003378149,0.013437926,1.126093142,0.186075049,0.412134465,-0.019584663,-0.005250000,0.011250000,9.493250000,-0.125000000,-0.020000000,9.810000000,0.312500000,-0.843750000,2375.562500056
1780380121.677713633,27.922903061,-531.932927758,195.414114786,-0.130092575,-0.004934623,0.004796869,0.533535842,0.845749457,-0.003228602,0.013379894,1.125559601,0.185511512,0.410398858,-0.017984178,0.013750000,0.003000000,9.488250000,-0.120000000,-0.025000000,9.810000000,-0.125000000,0.125000000,2373.156250056
1780380121.777664423,28.022853851,-531.921828485,195.438655918,-0.131121006,-0.004862621,0.004802340,0.533366372,0.845856729,-0.003103628,0.013311692,1.125159398,0.080728768,0.178430226,-0.007304967,-0.006250000,-0.005500000,9.486500000,-0.130000000,-0.045000000,9.830000000,-0.312500000,-1.500000000,2374.718750056
1780380121.877770662,28.122960091,-531.904048810,195.477919943,-0.132615899,-0.004726890,0.004798657,0.533095127,0.846028495,-0.002882138,0.013159745,1.124518966,0.185074336,0.408449763,-0.014774038,0.021000000,-0.017000000,9.502250000,-0.120000000,-0.055000000,9.835000000,2.625000000,-1.125000000,2376.843750056
1780380121.977782965,28.222972393,-531.888470628,195.512273020,-0.133767242,-0.004588415,0.004783256,0.532857683,0.846178915,-0.002667878,0.012985291,1.123958437,0.184422761,0.406466416,-0.012952987,0.013250000,-0.002250000,-9.508000000,-0.150000000,-0.055000000,9.840000000,0.916666667,0.125000000,-1581.604166584
1780380122.077667952,28.322857380,-531.873616344,195.544986639,-0.134724342,-0.004440524,0.004758569,0.532631438,0.846322272,-0.002447303,0.012785239,1.123424426,0.187563951,0.412849326,-0.011428468,-0.006000000,-0.011000000,9.495500000,-0.115000000,0.040000000,9.865000000,-1.812500000,-1.187500000,2375.343750056
1780380122.177756310,28.422945738,-531.855023915,195.585872010,-0.135725965,-0.004235489,0.004714974,0.532348472,0.846501585,-0.002150848,0.012492302,1.122756632,0.186649097,0.410186609,-0.009174129,-0.009250000,-0.006500000,9.491750000,-0.135000000,-0.020000000,9.855000000,-0.656250000,-1.968750000,2375.937500056
1780380122.277735472,28.522924900,-531.840130144,195.618573497,-0.136369652,-0.004056925,0.004670881,0.532121962,0.846645110,-0.001898739,0.012227019,1.122222145,0.186364707,0.408999205,-0.007390999,0.007250000,-0.008000000,9.484250000,-0.090000000,-0.030000000,9.840000000,-0.166666667,0.625000000,-0.770833333
1780380122.377719641,28.622909069,-531.821488552,195.659440107,-0.136976021,-0.003817854,0.004605839,0.531838634,0.846824585,-0.001567090,0.011861918,1.121553673,0.187930337,0.411710638,-0.005220805,-0.007500000,0.007000000,-9.496500000,-0.140000000,-0.010000000,9.845000000,-2.312500000,2.437500000,-2372.656250056
1780380122.477712393,28.722901821,-531.806555645,195.692123683,-0.137302433,-0.003615806,0.004547180,0.531611814,0.846968198,-0.001290362,0.011547302,1.121018586,0.191936079,0.419882003,-0.003515314,-0.003250000,-0.002500000,9.492500000,-0.070000000,-0.020000000,9.815000000,-0.812500000,0.229166667,1583.187499917
1780380122.577750921,28.822940350,-531.791605484,195.724797439,-0.137488342,-0.003405929,0.004483941,0.531384844,0.847111823,-0.001005073,0.011216752,1.120483204,0.110351793,0.241053599,-0.000984392,-0.004500000,-0.001500000,-9.505500000,-0.080000000,-0.025000000,9.830000000,-0.906250000,-0.156250000,-2376.812500056
1780380122.677678347,28.922867775,-531.772893515,195.765624056,-0.137524767,-0.003135213,0.004400409,0.531100914,0.847291347,-0.000638791,0.010787295,1.119813542,0.140365416,0.306014098,0.000375469,-0.011250000,-0.008250000,-9.487750000,-0.095000000,0.005000000,9.870000000,0.604166667,-0.479166667,1.916666667
1780380122.777690649,29.022880077,-531.754154902,195.806431476,-0.137346304,-0.002858437,0.004314386,0.530816731,0.847470834,-0.000264601,0.010347429,1.119143376,0.120543244,0.262298113,0.001694247,0.011750000,-0.002500000,9.497000000,-0.095000000,-0.020000000,9.850000000,1.281250000,-1.562500000,2376.437499516
1780380122.877674341,29.122863770,-531.739145047,195.839062302,-0.137051454,-0.002635052,0.004245616,0.530589196,0.847614380,0.000038343,0.009993717,1.118606870,0.190750157,0.414421075,0.004381901,0.015750000,-0.008500000,9.494250000,-0.060000000,-0.050000000,9.810000000,1.531250000,-1.781250000,2374.281250056
1780380122.977882147,29.223071575,-531.720359120,195.879830376,-0.136496796,-0.002356429,0.004162029,0.530304537,0.847793739,0.000418774,0.009556479,1.117935770,0.192855924,0.418207925,0.006528129,0.002000000,-0.011250000,9.495500000,-0.100000000,0.025000000,9.830000000,-1.125000000,-1.781250000,2376.125000056
1780380123.077780485,29.322969913,-531.701546869,195.920574041,-0.135740529,-0.002081918,0.004083602,0.530019611,0.847972996,0.000797991,0.009132610,1.117264159,0.189332533,0.409741593,0.008403927,0.007750000,-0.000000000,-9.496500000,-0.045000000,0.015000000,9.795000000,0.687500000,1.031250000,-2373.625000056
1780380123.177728891,29.422918320,-531.685723981,195.954778600,-0.134954015,-0.001857196,0.004023613,0.529780069,0.848123482,0.001113041,0.008792965,1.116699626,0.188639793,0.407503071,0.009987462,-0.010000000,-0.011250000,9.495750000,-0.070000000,0.025000000,9.840000000,-3.208333333,-0.125000000,1582.791666584
1780380123.277836561,29.523025990,-531.667618089,195.993846175,-0.133891622,-0.001609755,0.003963669,0.529506074,0.848295358,0.001466530,0.008429574,1.116054026,0.189612671,0.408789655,0.011827070,0.016750000,-0.006000000,-9.499500000,-0.085000000,0.035000000,9.810000000,2.562500000,-1.562500000,-2373.687500056
1780380123.377843857,29.623033285,-531.648731727,196.034513882,-0.132606448,-0.001365845,0.003913059,0.529220408,0.848474267,0.001824033,0.008086014,1.115381081,0.189744805,0.408214156,0.013616604,0.003750000,0.007250000,9.483250000,-0.080000000,-0.015000000,9.820000000,1.031250000,-0.312500000,2371.781250056
1780380123.477730274,29.722919703,-531.633603599,196.067027211,-0.131452632,-0.001183056,0.003882630,0.528991688,0.848617299,0.002099902,0.007841468,1.114842415,0.189668554,0.407354632,0.014970193,0.009250000,-0.002500000,-9.510500000,-0.085000000,0.010000000,9.825000000,0.791666667,0.354166667,-1581.958333251
1780380123.577745676,29.822935104,-531.614669429,196.107642246,-0.129860815,-0.000972621,0.003858638,0.528705561,0.848795967,0.002429126,0.007578925,1.114168723,0.190479522,0.408253062,0.016653098,0.015750000,-0.012000000,9.485250000,-0.070000000,0.055000000,9.825000000,1.312500000,-2.437500000,2373.437500056
1780380123.677823305,29.923012733,-531.597225743,196.144981377,-0.128257390,-0.000799105,0.003851452,0.528442114,0.848960223,0.002713800,0.007384088,1.113548616,0.186294049,0.398443607,0.017650084,-0.000500000,0.004750000,-9.505750000,-0.065000000,0.045000000,9.825000000,0.375000000,3.093749999,-2375.468749516
1780380123.777716160,30.022905588,-531.578239082,196.185538466,-0.126373363,-0.000634738,0.003860850,0.528155532,0.849138637,0.003000380,0.007227336,1.112874272,0.189904282,0.405307963,0.019395946,0.009750000,0.006000000,-9.506500000,-0.080000000,-0.020000000,9.845000000,0.000000000,1.187500000,-2374.531250056
1780380123.877687454,30.122876883,-531.559224409,196.226065306,-0.124353454,-0.000497922,0.003888772,0.527868730,0.849316922,0.003259823,0.007131334,1.112199649,0.187168631,0.398579922,0.020377510,-0.000250000,0.004000000,9.485750000,-0.075000000,0.030000000,9.795000000,-1.343750000,1.125000000,2374.562500056
1780380123.977794170,30.222983599,-531.540180870,196.266562043,-0.122210145,-0.000390678,0.003935400,0.527581725,0.849495076,0.003488826,0.007098495,1.111524797,0.183873917,0.390647319,0.021127010,0.021250000,-0.001750000,-9.499250000,-0.075000000,0.025000000,9.855000000,2.270833333,1.187500000,-1582.499999917
1780380124.077743292,30.322932720,-531.523925625,196.301312238,-0.120275350,-0.000238021,0.004155024,0.527338854,0.849644874,0.003977861,0.007311689,1.110956251,0.193563145,0.413549796,0.023498916,-0.003250000,0.012250000,9.505750000,-0.255000000,0.100000000,9.805000000,-0.437500000,1.468750000,2375.593750056
1780380124.177664280,30.422853708,-531.508462985,196.334231952,-0.118341881,-0.000315603,0.004422070,0.527119027,0.849779899,0.004125666,0.007848373,1.110441931,0.171725246,0.364725079,0.021875453,-0.007750000,0.009500000,-9.498500000,-0.310000000,0.075000000,9.800000000,-1.218750000,0.562500000,-2373.093750056
1780380124.277682781,30.522872210,-531.491751549,196.369646110,-0.116133507,-0.000593482,0.004659881,0.526894950,0.849917434,0.003901866,0.008546537,1.109916577,0.162170829,0.343520861,0.022035963,-0.005000000,-0.013000000,-9.498250000,-0.290000000,0.020000000,9.840000000,-1.593750000,-1.781250000,-2372.624999517
1780380124.377735615,30.622925043,-531.477805063,196.399272254,-0.114139016,-0.000786582,0.004805816,0.526717470,0.850026466,0.003725543,0.008998876,1.109500073,0.155022119,0.330177060,0.023005247,-0.011000000,0.005750000,-9.508500000,-0.315000000,-0.045000000,9.885000000,-0.906250000,-2.187500000,-2374.468749516
1780380124.477782965,30.722972393,-531.463399785,196.430122787,-0.111828916,-0.000786153,0.004924324,0.526541986,0.850134501,0.003849228,0.009200690,1.109088868,0.140304505,0.301555286,0.023746488,0.002750000,-0.001250000,9.494500000,-0.295000000,-0.040000000,9.825000000,-2.312500000,-0.093750000,2373.406250056
1780380124.577669382,30.822858810,-531.449208413,196.460705679,-0.109216019,-0.000628957,0.004994411,0.526377452,0.850236107,0.004188556,0.009155123,1.108703572,0.137015039,0.295412663,0.026577772,-0.016000000,-0.004000000,9.498000000,-0.245000000,0.080000000,9.875000000,-4.687500000,-0.875000000,2374.781250056
1780380124.677787781,30.922977209,-531.437302992,196.486314375,-0.106780369,-0.000545796,0.004993431,0.526247258,0.850316759,0.004327552,0.009066567,1.108397712,0.135110233,0.290003843,0.028401293,-0.001250000,-0.003500000,9.484000000,-0.220000000,0.120000000,9.820000000,0.750000000,-1.312500000,2373.000000056
1780380124.777680159,31.022869587,-531.427416707,196.507459758,-0.104660354,-0.000605933,0.004966086,0.526145018,0.850380145,0.004195401,0.009083863,1.108156558,0.127783937,0.272797299,0.027591502,0.002750000,0.002250000,9.500750000,-0.190000000,0.080000000,9.775000000,-0.562500000,-0.312500000,2376.781250056
1780380124.877724171,31.122913599,-531.416924118,196.529830485,-0.102401778,-0.000797402,0.004970000,0.526041604,0.850443940,0.003872738,0.009292480,1.107912476,0.120733666,0.257420973,0.025828650,-0.006000000,0.013250000,9.499500000,-0.225000000,0.055000000,9.800000000,1.218750000,-0.750000000,2374.750000056
1780380124.977728605,31.222918034,-531.407380895,196.550228447,-0.100394140,-0.001020910,0.005067862,0.525950975,0.850499175,0.003594505,0.009694474,1.107699638,0.121728589,0.260773895,0.025331042,-0.011500000,-0.001750000,9.503750000,-0.195000000,-0.030000000,9.760000000,-1.031250000,-1.031250000,2375.937500056
1780380125.077716112,31.322905540,-531.398279399,196.569812584,-0.098527252,-0.001216759,0.005273919,0.525866894,0.850549655,0.003477121,0.010251345,1.107503910,0.062844029,0.135598094,0.012808929,0.008500000,0.007750000,9.506000000,-0.255000000,-0.010000000,9.795000000,-0.291666667,0.625000000,0.729166667
1780380125.177841425,31.423030853,-531.389578908,196.588638756,-0.096753265,-0.001379295,0.005542855,0.525788928,0.850595896,0.003482511,0.010880110,1.107323765,0.106471395,0.230646128,0.021795085,0.023250000,0.014250000,-9.504750000,-0.240000000,0.015000000,9.795000000,4.500000000,0.937500000,-2373.031250056
1780380125.277813196,31.523002625,-531.379164115,196.611166151,-0.094576545,-0.001602154,0.005844886,0.525700206,0.850648320,0.003419813,0.011628652,1.107118636,0.104662349,0.225915217,0.022255110,0.015250000,0.002500000,9.502750000,-0.255000000,0.070000000,9.840000000,1.791666667,0.020833333,1585.249999917
1780380125.377688885,31.622878313,-531.371135473,196.628426622,-0.092831224,-0.001838800,0.005984710,0.525636291,0.850686365,0.003163314,0.012115600,1.106969172,0.100395836,0.215345192,0.022094992,-0.003000000,0.012750000,9.482750000,-0.245000000,0.085000000,9.840000000,1.062500000,1.020833333,1581.124999918
